-- phpMyAdmin SQL Dump
-- version 5.2.1
-- https://www.phpmyadmin.net/
--
-- Host: localhost
-- Generation Time: Apr 05, 2025 at 07:32 PM
-- Server version: 10.4.28-MariaDB
-- PHP Version: 8.2.4

SET SQL_MODE = "NO_AUTO_VALUE_ON_ZERO";
START TRANSACTION;
SET time_zone = "+00:00";


/*!40101 SET @OLD_CHARACTER_SET_CLIENT=@@CHARACTER_SET_CLIENT */;
/*!40101 SET @OLD_CHARACTER_SET_RESULTS=@@CHARACTER_SET_RESULTS */;
/*!40101 SET @OLD_COLLATION_CONNECTION=@@COLLATION_CONNECTION */;
/*!40101 SET NAMES utf8mb4 */;

--
-- Database: `itp4511_project_db`
--
CREATE DATABASE IF NOT EXISTS `itp4511_project_db` DEFAULT CHARACTER SET utf8mb4 COLLATE utf8mb4_general_ci;
USE `itp4511_project_db`;

-- --------------------------------------------------------

--
-- Table structure for table `country_region`
--

CREATE TABLE `country_region` (
  `ID` char(2) NOT NULL,
  `Name` varchar(40) NOT NULL
) ENGINE=InnoDB DEFAULT CHARSET=utf8mb4 COLLATE=utf8mb4_general_ci;

--
-- Dumping data for table `country_region`
--

INSERT INTO `country_region` (`ID`, `Name`) VALUES
('AD', 'Andorra'),
('AE', 'United Arab Emirates'),
('AF', 'Afghanistan'),
('AL', 'Albania'),
('AM', 'Armenia'),
('AO', 'Angola'),
('AR', 'Argentina'),
('AS', 'American Samoa'),
('AT', 'Austria'),
('AU', 'Australia'),
('AW', 'Aruba'),
('AZ', 'Azerbaijan'),
('BA', 'Bosnia and Herzegovina'),
('BB', 'Barbados'),
('BD', 'Bangladesh'),
('BE', 'Belgium'),
('BF', 'Burkina Faso'),
('BG', 'Bulgaria'),
('BH', 'Bahrain'),
('BI', 'Burundi'),
('BJ', 'Benin'),
('BM', 'Bermuda'),
('BN', 'Brunei Darussalam'),
('BO', 'Bolivia'),
('BR', 'Brazil'),
('BS', 'Bahamas'),
('BT', 'Bhutan'),
('BW', 'Botswana'),
('BY', 'Belarus'),
('BZ', 'Belize'),
('CA', 'Canada'),
('CD', 'Congo, Democratic Republic of the'),
('CF', 'Central African Republic'),
('CG', 'Congo'),
('CH', 'Switzerland'),
('CI', 'Côte d\'Ivoire'),
('CL', 'Chile'),
('CM', 'Cameroon'),
('CN', 'China'),
('CO', 'Colombia'),
('CR', 'Costa Rica'),
('CU', 'Cuba'),
('CV', 'Cabo Verde'),
('CW', 'Curaçao'),
('CY', 'Cyprus'),
('CZ', 'Czechia'),
('DE', 'Germany'),
('DJ', 'Djibouti'),
('DK', 'Denmark'),
('DM', 'Dominica'),
('DO', 'Dominican Republic'),
('DZ', 'Algeria'),
('EC', 'Ecuador'),
('EE', 'Estonia'),
('EG', 'Egypt'),
('ER', 'Eritrea'),
('ES', 'Spain'),
('ET', 'Ethiopia'),
('FI', 'Finland'),
('FJ', 'Fiji'),
('FM', 'Micronesia, Federated States of'),
('FO', 'Faroe Islands'),
('FR', 'France'),
('GA', 'Gabon'),
('GB', 'United Kingdom'),
('GD', 'Grenada'),
('GE', 'Georgia'),
('GH', 'Ghana'),
('GI', 'Gibraltar'),
('GL', 'Greenland'),
('GM', 'Gambia'),
('GN', 'Guinea'),
('GQ', 'Equatorial Guinea'),
('GR', 'Greece'),
('GS', 'South Georgia and the South Sandwich Isl'),
('GT', 'Guatemala'),
('GU', 'Guam'),
('GW', 'Guinea-Bissau'),
('GY', 'Guyana'),
('HK', 'Hong Kong'),
('HN', 'Honduras'),
('HR', 'Croatia'),
('HT', 'Haiti'),
('HU', 'Hungary'),
('ID', 'Indonesia'),
('IE', 'Ireland'),
('IL', 'Israel'),
('IM', 'Isle of Man'),
('IN', 'India'),
('IQ', 'Iraq'),
('IR', 'Iran, Islamic Republic of'),
('IS', 'Iceland'),
('IT', 'Italy'),
('JE', 'Jersey'),
('JM', 'Jamaica'),
('JO', 'Jordan'),
('JP', 'Japan'),
('KE', 'Kenya'),
('KG', 'Kyrgyzstan'),
('KH', 'Cambodia'),
('KI', 'Kiribati'),
('KP', 'Korea, Democratic People\'s Republic of'),
('KR', 'Korea, Republic of'),
('KW', 'Kuwait'),
('KY', 'Cayman Islands'),
('KZ', 'Kazakhstan'),
('LA', 'Lao People\'s Democratic Republic'),
('LB', 'Lebanon'),
('LI', 'Liechtenstein'),
('LK', 'Sri Lanka'),
('LR', 'Liberia'),
('LS', 'Lesotho'),
('LT', 'Lithuania'),
('LU', 'Luxembourg'),
('LV', 'Latvia'),
('LY', 'Libya'),
('MA', 'Morocco'),
('MC', 'Monaco'),
('MD', 'Moldova, Republic of'),
('ME', 'Montenegro'),
('MG', 'Madagascar'),
('MH', 'Marshall Islands'),
('MK', 'North Macedonia'),
('ML', 'Mali'),
('MM', 'Myanmar'),
('MN', 'Mongolia'),
('MO', 'Macao'),
('MP', 'Northern Mariana Islands'),
('MQ', 'Martinique'),
('MR', 'Mauritania'),
('MS', 'Montserrat'),
('MT', 'Malta'),
('MU', 'Mauritius'),
('MV', 'Maldives'),
('MW', 'Malawi'),
('MX', 'Mexico'),
('MY', 'Malaysia'),
('MZ', 'Mozambique'),
('NA', 'Namibia'),
('NC', 'New Caledonia'),
('NE', 'Niger'),
('NG', 'Nigeria'),
('NI', 'Nicaragua'),
('NL', 'Netherlands'),
('NO', 'Norway'),
('NP', 'Nepal'),
('NR', 'Nauru'),
('NZ', 'New Zealand'),
('OM', 'Oman'),
('PA', 'Panama'),
('PE', 'Peru'),
('PG', 'Papua New Guinea'),
('PH', 'Philippines'),
('PK', 'Pakistan'),
('PL', 'Poland'),
('PR', 'Puerto Rico'),
('PT', 'Portugal'),
('PW', 'Palau'),
('PY', 'Paraguay'),
('QA', 'Qatar'),
('RO', 'Romania'),
('RS', 'Serbia'),
('RU', 'Russian Federation'),
('RW', 'Rwanda'),
('SA', 'Saudi Arabia'),
('SB', 'Solomon Islands'),
('SC', 'Seychelles'),
('SD', 'Sudan'),
('SE', 'Sweden'),
('SG', 'Singapore'),
('SI', 'Slovenia'),
('SJ', 'Svalbard and Jan Mayen'),
('SK', 'Slovakia'),
('SL', 'Sierra Leone'),
('SM', 'San Marino'),
('SN', 'Senegal'),
('SO', 'Somalia'),
('SR', 'Suriname'),
('SS', 'South Sudan'),
('SV', 'El Salvador'),
('SX', 'Sint Maarten (Dutch part)'),
('SY', 'Syrian Arab Republic'),
('SZ', 'Eswatini'),
('TC', 'Turks and Caicos Islands'),
('TD', 'Chad'),
('TG', 'Togo'),
('TH', 'Thailand'),
('TJ', 'Tajikistan'),
('TK', 'Tokelau'),
('TL', 'Timor-Leste'),
('TM', 'Turkmenistan'),
('TN', 'Tunisia'),
('TO', 'Tonga'),
('TR', 'Turkey'),
('TT', 'Trinidad and Tobago'),
('TV', 'Tuvalu'),
('TW', 'Taiwan, Province of China'),
('TZ', 'Tanzania, United Republic of'),
('UA', 'Ukraine'),
('UG', 'Uganda'),
('UM', 'United States Minor Outlying Islands'),
('US', 'United States'),
('UY', 'Uruguay'),
('UZ', 'Uzbekistan'),
('VE', 'Venezuela, Bolivarian Republic of'),
('VG', 'Virgin Islands, British'),
('VI', 'Virgin Islands, U.S.'),
('VN', 'Viet Nam'),
('VU', 'Vanuatu'),
('WS', 'Samoa'),
('YE', 'Yemen'),
('YT', 'Mayotte'),
('ZA', 'South Africa'),
('ZM', 'Zambia'),
('ZW', 'Zimbabwe');

-- --------------------------------------------------------

--
-- Table structure for table `fruit`
--

CREATE TABLE `fruit` (
  `ID` char(4) NOT NULL,
  `Name` varchar(20) NOT NULL,
  `type` varchar(20) NOT NULL,
  `unit` varchar(10) NOT NULL,
  `ImgName` varchar(30) NOT NULL,
  `FruitCityID` char(3) NOT NULL
) ENGINE=InnoDB DEFAULT CHARSET=utf8mb4 COLLATE=utf8mb4_general_ci;

--
-- Dumping data for table `fruit`
--

INSERT INTO `fruit` (`ID`, `Name`, `type`, `unit`, `ImgName`, `FruitCityID`) VALUES
('F001', 'Apple', 'Single Fruit', 'piece', 'F001_Apple.jpg', '001'),
('F002', 'Orange', 'Single Fruit', 'piece', 'F002_Orange.jpg', '002'),
('F003', 'Banana', 'Bunch Fruit', 'bunch', 'F003_Banana.jpg', '003'),
('F004', 'Mango', 'Single Fruit', 'piece', 'F004_Mango.jpg', '004'),
('F005', 'Pineapple', 'Single Fruit', 'piece', 'F005_Pineapple.jpg', '005'),
('F006', 'Grape', 'Berry', 'gram', 'F006_Grape.jpg', '006'),
('F007', 'Strawberry', 'Berry', 'gram', 'F007_Strawberry.jpg', '007'),
('F008', 'Cherry', 'Berry', 'gram', 'F008_Cherry.jpg', '008'),
('F009', 'Papaya', 'Single Fruit', 'piece', 'F009_Papaya.jpg', '009'),
('F010', 'Kiwi', 'Single Fruit', 'piece', 'F010_Kiwi.jpg', '010'),
('F011', 'Watermelon', 'Large Fruit', 'piece', 'F011_Watermelon.jpg', '011'),
('F012', 'Peach', 'Single Fruit', 'piece', 'F012_Peach.jpg', '012'),
('F013', 'Pomegranate', 'Large Fruit', 'piece', 'F013_Pomegranate.jpg', '013'),
('F014', 'Guava', 'Single Fruit', 'piece', 'F014_Guava.jpg', '014'),
('F015', 'Blueberry', 'Berry', 'gram', 'F015_Blueberry.jpg', '015'),
('F016', 'Lychee', 'Berry', 'gram', 'F016_Lychee.jpg', '016'),
('F017', 'Fig', 'Single Fruit', 'piece', 'F017_Fig.jpg', '017'),
('F018', 'Dragon Fruit', 'Single Fruit', 'piece', 'F018_DragonFruit.jpg', '018');

-- --------------------------------------------------------

--
-- Table structure for table `fruit_city`
--

CREATE TABLE `fruit_city` (
  `ID` char(3) NOT NULL,
  `City` varchar(50) NOT NULL,
  `CountryRegionID` char(2) NOT NULL
) ENGINE=InnoDB DEFAULT CHARSET=utf8mb4 COLLATE=utf8mb4_general_ci;

--
-- Dumping data for table `fruit_city`
--

INSERT INTO `fruit_city` (`ID`, `City`, `CountryRegionID`) VALUES
('001', 'Toronto', 'CA'),
('002', 'Beijing', 'CN'),
('003', 'Manila', 'PH'),
('004', 'New York', 'US'),
('005', 'Bangkok', 'TH'),
('006', 'Sydney', 'AU'),
('007', 'Paris', 'FR'),
('008', 'Tokyo', 'JP'),
('009', 'Mumbai', 'IN'),
('010', 'Cape Town', 'ZA'),
('011', 'Rio de Janeiro', 'BR'),
('012', 'London', 'GB'),
('013', 'Moscow', 'RU'),
('014', 'Mexico City', 'MX'),
('015', 'Berlin', 'DE'),
('016', 'Seoul', 'KR'),
('017', 'Cairo', 'EG'),
('018', 'Auckland', 'NZ');

-- --------------------------------------------------------

--
-- Table structure for table `shop`
--

CREATE TABLE `shop` (
  `ID` char(4) NOT NULL,
  `Address` varchar(100) NOT NULL,
  `City` char(4) NOT NULL,
  `PhoneNumber` varchar(15) NOT NULL
) ENGINE=InnoDB DEFAULT CHARSET=utf8mb4 COLLATE=utf8mb4_general_ci;

--
-- Dumping data for table `shop`
--

INSERT INTO `shop` (`ID`, `Address`, `City`, `PhoneNumber`) VALUES
('S001', '1-1 Shibuya', 'C001', '+81312345678'),
('S002', '2-3 Ginza', 'C001', '+81398765432'),
('S003', '456 Minato', 'C002', '+81451234567'),
('S004', '789 Namba', 'C003', '+81612345678'),
('S005', '101 Umeda', 'C003', '+81698765432'),
('S006', '321 Nagoya Station', 'C004', '+81521234567'),
('S007', '654 Chuo', 'C005', '+81111234567'),
('S008', '987 Hakata', 'C006', '+81921234567'),
('S009', '123 Port Island', 'C007', '+81781234567'),
('S010', '456 Gion', 'C008', '+81751234567'),
('S011', '789 Shin-Kawasaki', 'C009', '+81441234567'),
('S012', '101 Omiya', 'C010', '+81481234567'),
('S013', '321 Peace Park', 'C011', '+81821234567'),
('S014', '654 Aoba', 'C012', '+81221234567'),
('S015', '987 Makuhari', 'C013', '+81431234567'),
('S016', '123 Moji', 'C014', '+81931234567'),
('S017', '456 Kurashiki', 'C015', '+81861234567'),
('S018', '789 Satsuma', 'C016', '+81961234567'),
('S019', '101 Shimizu', 'C017', '+81541234567'),
('S020', '321 Fukuroi', 'C018', '+81531234567'),
('S021', '654 Joetsu', 'C019', '+81251234567'),
('S022', '987 Kagoshima Chuo', 'C020', '+81991234567'),
('S023', '123 Times Square', 'C021', '+12125550123'),
('S024', '456 Broadway', 'C021', '+12125559876'),
('S025', '789 Hollywood Blvd', 'C022', '+13235550123'),
('S026', '101 Sunset Strip', 'C022', '+13235559876'),
('S027', '321 Michigan Ave', 'C023', '+13125550123'),
('S028', '654 Main St', 'C024', '+17135550123'),
('S029', '987 Camelback Rd', 'C025', '+16025550123'),
('S030', '123 Market St', 'C026', '+12155550123'),
('S031', '456 Alamo Plaza', 'C027', '+12105550123'),
('S032', '789 Gaslamp', 'C028', '+16195550123'),
('S033', '101 Elm St', 'C029', '+12145550123'),
('S034', '321 First St', 'C030', '+14085550123'),
('S035', '654 Congress Ave', 'C031', '+15125550123'),
('S036', '987 Riverside Dr', 'C032', '+19045550123'),
('S037', '123 Mission St', 'C033', '+14155550123'),
('S038', '456 High St', 'C034', '+16145550123'),
('S039', '789 Pike St', 'C035', '+12065550123'),
('S040', '101 16th St', 'C036', '+13035550123'),
('S041', '321 Tremont St', 'C037', '+16175550123'),
('S042', '654 Music Row', 'C038', '+16155550123'),
('S043', '987 Las Vegas Blvd', 'C039', '+17025550123'),
('S044', '123 Ocean Dr', 'C040', '+13055550123'),
('S045', '456 Biscayne Blvd', 'C040', '+13055559876'),
('S046', '10 Des Voeux Rd', 'C041', '+85221234567'),
('S047', '25 Queen\'s Rd', 'C041', '+85229876543'),
('S048', '50 Chai Wan Rd', 'C042', '+85225678901'),
('S049', '12 Repulse Bay Rd', 'C043', '+85228123456'),
('S050', '88 Hennessy Rd', 'C044', '+85228912345'),
('S051', '15 Nathan Rd', 'C045', '+85227123456'),
('S052', '30 Kwun Tong Rd', 'C046', '+85223456789'),
('S053', '45 Cheung Sha Wan Rd', 'C047', '+85227891234'),
('S054', '60 Wong Tai Sin Rd', 'C048', '+85223234567'),
('S055', '75 Mong Kok Rd', 'C049', '+85223876543'),
('S056', '90 Prince Edward Rd', 'C049', '+85223987654'),
('S057', '10 Tung Chung Rd', 'C050', '+85221098765'),
('S058', '25 Kwai Chung Rd', 'C051', '+85224234567'),
('S059', '40 Sheung Shui St', 'C052', '+85226789012'),
('S060', '55 Sai Kung Rd', 'C053', '+85227912345'),
('S061', '70 Sha Tin Centre St', 'C054', '+85226345678'),
('S062', '85 Tai Po Rd', 'C055', '+85226567890'),
('S063', '100 Tsuen Wan Market St', 'C056', '+85224901234'),
('S064', '115 Tuen Mun Heung Sze Wui Rd', 'C057', '+85224567890'),
('S065', '130 Yuen Long Main Rd', 'C058', '+85224789012');

-- --------------------------------------------------------

--
-- Table structure for table `shop_city`
--

CREATE TABLE `shop_city` (
  `ID` char(4) NOT NULL,
  `City` varchar(40) NOT NULL,
  `CountryRegionID` char(2) NOT NULL
) ENGINE=InnoDB DEFAULT CHARSET=utf8mb4 COLLATE=utf8mb4_general_ci;

--
-- Dumping data for table `shop_city`
--

INSERT INTO `shop_city` (`ID`, `City`, `CountryRegionID`) VALUES
('C001', 'Tokyo', 'JP'),
('C002', 'Yokohama', 'JP'),
('C003', 'Osaka', 'JP'),
('C004', 'Nagoya', 'JP'),
('C005', 'Sapporo', 'JP'),
('C006', 'Fukuoka', 'JP'),
('C007', 'Kobe', 'JP'),
('C008', 'Kyoto', 'JP'),
('C009', 'Kawasaki', 'JP'),
('C010', 'Saitama', 'JP'),
('C011', 'Hiroshima', 'JP'),
('C012', 'Sendai', 'JP'),
('C013', 'Chiba', 'JP'),
('C014', 'Kitakyushu', 'JP'),
('C015', 'Okayama', 'JP'),
('C016', 'Kumamoto', 'JP'),
('C017', 'Shizuoka', 'JP'),
('C018', 'Hamamatsu', 'JP'),
('C019', 'Niigata', 'JP'),
('C020', 'Kagoshima', 'JP'),
('C021', 'New York', 'US'),
('C022', 'Los Angeles', 'US'),
('C023', 'Chicago', 'US'),
('C024', 'Houston', 'US'),
('C025', 'Phoenix', 'US'),
('C026', 'Philadelphia', 'US'),
('C027', 'San Antonio', 'US'),
('C028', 'San Diego', 'US'),
('C029', 'Dallas', 'US'),
('C030', 'San Jose', 'US'),
('C031', 'Austin', 'US'),
('C032', 'Jacksonville', 'US'),
('C033', 'San Francisco', 'US'),
('C034', 'Columbus', 'US'),
('C035', 'Seattle', 'US'),
('C036', 'Denver', 'US'),
('C037', 'Boston', 'US'),
('C038', 'Nashville', 'US'),
('C039', 'Las Vegas', 'US'),
('C040', 'Miami', 'US'),
('C041', 'Central and Western', 'HK'),
('C042', 'Eastern', 'HK'),
('C043', 'Southern', 'HK'),
('C044', 'Wan Chai', 'HK'),
('C045', 'Kowloon City', 'HK'),
('C046', 'Kwun Tong', 'HK'),
('C047', 'Sham Shui Po', 'HK'),
('C048', 'Wong Tai Sin', 'HK'),
('C049', 'Yau Tsim Mong', 'HK'),
('C050', 'Islands', 'HK'),
('C051', 'Kwai Tsing', 'HK'),
('C052', 'North', 'HK'),
('C053', 'Sai Kung', 'HK'),
('C054', 'Sha Tin', 'HK'),
('C055', 'Tai Po', 'HK'),
('C056', 'Tsuen Wan', 'HK'),
('C057', 'Tuen Mun', 'HK'),
('C058', 'Yuen Long', 'HK');

-- --------------------------------------------------------

--
-- Table structure for table `shop_fruit_order`
--

CREATE TABLE `shop_fruit_order` (
  `ID` char(5) NOT NULL,
  `ShopID` char(4) NOT NULL,
  `OrderDate` date NOT NULL,
  `DeliveryDate` date DEFAULT NULL,
  `Status` varchar(20) NOT NULL,
  `Notes` varchar(200) DEFAULT NULL
) ENGINE=InnoDB DEFAULT CHARSET=utf8mb4 COLLATE=utf8mb4_general_ci;

-- --------------------------------------------------------

--
-- Table structure for table `shop_fruit_order_item`
--

CREATE TABLE `shop_fruit_order_item` (
  `OrderID` char(4) NOT NULL,
  `FruitID` char(4) NOT NULL,
  `Qty` int(5) NOT NULL
) ENGINE=InnoDB DEFAULT CHARSET=utf8mb4 COLLATE=utf8mb4_general_ci;

-- --------------------------------------------------------

--
-- Table structure for table `shop_fruit_stock`
--

CREATE TABLE `shop_fruit_stock` (
  `ShopID` char(4) NOT NULL,
  `FruitID` char(4) NOT NULL,
  `Qty` int(5) NOT NULL
) ENGINE=InnoDB DEFAULT CHARSET=utf8mb4 COLLATE=utf8mb4_general_ci;

--
-- Dumping data for table `shop_fruit_stock`
--

INSERT INTO `shop_fruit_stock` (`ShopID`, `FruitID`, `Qty`) VALUES
('S001', 'F001', 40),
('S001', 'F002', 7),
('S001', 'F003', 113),
('S001', 'F004', 144),
('S001', 'F005', 180),
('S001', 'F006', 68),
('S001', 'F007', 1),
('S001', 'F008', 200),
('S001', 'F009', 197),
('S001', 'F010', 186),
('S001', 'F011', 137),
('S001', 'F012', 126),
('S001', 'F013', 20),
('S001', 'F014', 121),
('S001', 'F015', 143),
('S001', 'F016', 154),
('S001', 'F017', 139),
('S001', 'F018', 31),
('S002', 'F001', 141),
('S002', 'F002', 8),
('S002', 'F003', 20),
('S002', 'F004', 73),
('S002', 'F005', 103),
('S002', 'F006', 98),
('S002', 'F007', 178),
('S002', 'F008', 198),
('S002', 'F009', 55),
('S002', 'F010', 79),
('S002', 'F011', 32),
('S002', 'F012', 120),
('S002', 'F013', 105),
('S002', 'F014', 164),
('S002', 'F015', 103),
('S002', 'F016', 23),
('S002', 'F017', 4),
('S002', 'F018', 153),
('S003', 'F001', 150),
('S003', 'F002', 92),
('S003', 'F003', 11),
('S003', 'F004', 176),
('S003', 'F005', 46),
('S003', 'F006', 102),
('S003', 'F007', 173),
('S003', 'F008', 158),
('S003', 'F009', 71),
('S003', 'F010', 80),
('S003', 'F011', 187),
('S003', 'F012', 93),
('S003', 'F013', 106),
('S003', 'F014', 50),
('S003', 'F015', 130),
('S003', 'F016', 98),
('S003', 'F017', 102),
('S003', 'F018', 13),
('S004', 'F001', 160),
('S004', 'F002', 162),
('S004', 'F003', 127),
('S004', 'F004', 151),
('S004', 'F005', 171),
('S004', 'F006', 1),
('S004', 'F007', 91),
('S004', 'F008', 52),
('S004', 'F009', 187),
('S004', 'F010', 178),
('S004', 'F011', 127),
('S004', 'F012', 103),
('S004', 'F013', 131),
('S004', 'F014', 148),
('S004', 'F015', 147),
('S004', 'F016', 89),
('S004', 'F017', 2),
('S004', 'F018', 145),
('S005', 'F001', 116),
('S005', 'F002', 146),
('S005', 'F003', 183),
('S005', 'F004', 75),
('S005', 'F005', 28),
('S005', 'F006', 112),
('S005', 'F007', 76),
('S005', 'F008', 46),
('S005', 'F009', 198),
('S005', 'F010', 53),
('S005', 'F011', 71),
('S005', 'F012', 196),
('S005', 'F013', 166),
('S005', 'F014', 43),
('S005', 'F015', 117),
('S005', 'F016', 53),
('S005', 'F017', 116),
('S005', 'F018', 18),
('S006', 'F001', 141),
('S006', 'F002', 51),
('S006', 'F003', 33),
('S006', 'F004', 10),
('S006', 'F005', 153),
('S006', 'F006', 133),
('S006', 'F007', 6),
('S006', 'F008', 32),
('S006', 'F009', 141),
('S006', 'F010', 10),
('S006', 'F011', 24),
('S006', 'F012', 89),
('S006', 'F013', 175),
('S006', 'F014', 5),
('S006', 'F015', 102),
('S006', 'F016', 94),
('S006', 'F017', 163),
('S006', 'F018', 135),
('S007', 'F001', 182),
('S007', 'F002', 108),
('S007', 'F003', 190),
('S007', 'F004', 26),
('S007', 'F005', 161),
('S007', 'F006', 127),
('S007', 'F007', 152),
('S007', 'F008', 178),
('S007', 'F009', 32),
('S007', 'F010', 26),
('S007', 'F011', 35),
('S007', 'F012', 94),
('S007', 'F013', 167),
('S007', 'F014', 151),
('S007', 'F015', 55),
('S007', 'F016', 22),
('S007', 'F017', 142),
('S007', 'F018', 43),
('S008', 'F001', 188),
('S008', 'F002', 12),
('S008', 'F003', 94),
('S008', 'F004', 36),
('S008', 'F005', 94),
('S008', 'F006', 164),
('S008', 'F007', 137),
('S008', 'F008', 193),
('S008', 'F009', 154),
('S008', 'F010', 190),
('S008', 'F011', 87),
('S008', 'F012', 66),
('S008', 'F013', 69),
('S008', 'F014', 147),
('S008', 'F015', 126),
('S008', 'F016', 189),
('S008', 'F017', 166),
('S008', 'F018', 64),
('S009', 'F001', 22),
('S009', 'F002', 114),
('S009', 'F003', 107),
('S009', 'F004', 192),
('S009', 'F005', 38),
('S009', 'F006', 15),
('S009', 'F007', 160),
('S009', 'F008', 156),
('S009', 'F009', 99),
('S009', 'F010', 25),
('S009', 'F011', 26),
('S009', 'F012', 57),
('S009', 'F013', 6),
('S009', 'F014', 58),
('S009', 'F015', 73),
('S009', 'F016', 189),
('S009', 'F017', 127),
('S009', 'F018', 66),
('S010', 'F001', 149),
('S010', 'F002', 145),
('S010', 'F003', 78),
('S010', 'F004', 154),
('S010', 'F005', 137),
('S010', 'F006', 24),
('S010', 'F007', 105),
('S010', 'F008', 56),
('S010', 'F009', 161),
('S010', 'F010', 39),
('S010', 'F011', 111),
('S010', 'F012', 36),
('S010', 'F013', 47),
('S010', 'F014', 126),
('S010', 'F015', 89),
('S010', 'F016', 65),
('S010', 'F017', 60),
('S010', 'F018', 104),
('S011', 'F001', 139),
('S011', 'F002', 184),
('S011', 'F003', 101),
('S011', 'F004', 153),
('S011', 'F005', 60),
('S011', 'F006', 40),
('S011', 'F007', 20),
('S011', 'F008', 180),
('S011', 'F009', 38),
('S011', 'F010', 50),
('S011', 'F011', 136),
('S011', 'F012', 128),
('S011', 'F013', 32),
('S011', 'F014', 175),
('S011', 'F015', 181),
('S011', 'F016', 179),
('S011', 'F017', 151),
('S011', 'F018', 16),
('S012', 'F001', 28),
('S012', 'F002', 91),
('S012', 'F003', 170),
('S012', 'F004', 175),
('S012', 'F005', 166),
('S012', 'F006', 104),
('S012', 'F007', 22),
('S012', 'F008', 196),
('S012', 'F009', 116),
('S012', 'F010', 190),
('S012', 'F011', 3),
('S012', 'F012', 43),
('S012', 'F013', 8),
('S012', 'F014', 107),
('S012', 'F015', 113),
('S012', 'F016', 43),
('S012', 'F017', 76),
('S012', 'F018', 50),
('S013', 'F001', 20),
('S013', 'F002', 150),
('S013', 'F003', 92),
('S013', 'F004', 7),
('S013', 'F005', 158),
('S013', 'F006', 171),
('S013', 'F007', 179),
('S013', 'F008', 181),
('S013', 'F009', 167),
('S013', 'F010', 91),
('S013', 'F011', 155),
('S013', 'F012', 103),
('S013', 'F013', 48),
('S013', 'F014', 129),
('S013', 'F015', 101),
('S013', 'F016', 117),
('S013', 'F017', 84),
('S013', 'F018', 66),
('S014', 'F001', 76),
('S014', 'F002', 185),
('S014', 'F003', 94),
('S014', 'F004', 114),
('S014', 'F005', 88),
('S014', 'F006', 97),
('S014', 'F007', 23),
('S014', 'F008', 22),
('S014', 'F009', 41),
('S014', 'F010', 137),
('S014', 'F011', 164),
('S014', 'F012', 5),
('S014', 'F013', 136),
('S014', 'F014', 63),
('S014', 'F015', 108),
('S014', 'F016', 148),
('S014', 'F017', 16),
('S014', 'F018', 37),
('S015', 'F001', 137),
('S015', 'F002', 174),
('S015', 'F003', 58),
('S015', 'F004', 169),
('S015', 'F005', 70),
('S015', 'F006', 40),
('S015', 'F007', 191),
('S015', 'F008', 35),
('S015', 'F009', 200),
('S015', 'F010', 96),
('S015', 'F011', 78),
('S015', 'F012', 103),
('S015', 'F013', 81),
('S015', 'F014', 93),
('S015', 'F015', 23),
('S015', 'F016', 34),
('S015', 'F017', 99),
('S015', 'F018', 196),
('S016', 'F001', 82),
('S016', 'F002', 22),
('S016', 'F003', 62),
('S016', 'F004', 42),
('S016', 'F005', 27),
('S016', 'F006', 6),
('S016', 'F007', 150),
('S016', 'F008', 131),
('S016', 'F009', 3),
('S016', 'F010', 23),
('S016', 'F011', 107),
('S016', 'F012', 65),
('S016', 'F013', 4),
('S016', 'F014', 23),
('S016', 'F015', 103),
('S016', 'F016', 47),
('S016', 'F017', 126),
('S016', 'F018', 86),
('S017', 'F001', 52),
('S017', 'F002', 4),
('S017', 'F003', 62),
('S017', 'F004', 96),
('S017', 'F005', 96),
('S017', 'F006', 192),
('S017', 'F007', 70),
('S017', 'F008', 172),
('S017', 'F009', 50),
('S017', 'F010', 134),
('S017', 'F011', 119),
('S017', 'F012', 193),
('S017', 'F013', 8),
('S017', 'F014', 61),
('S017', 'F015', 79),
('S017', 'F016', 12),
('S017', 'F017', 22),
('S017', 'F018', 74),
('S018', 'F001', 102),
('S018', 'F002', 90),
('S018', 'F003', 142),
('S018', 'F004', 42),
('S018', 'F005', 181),
('S018', 'F006', 177),
('S018', 'F007', 144),
('S018', 'F008', 188),
('S018', 'F009', 109),
('S018', 'F010', 178),
('S018', 'F011', 163),
('S018', 'F012', 81),
('S018', 'F013', 117),
('S018', 'F014', 142),
('S018', 'F015', 157),
('S018', 'F016', 159),
('S018', 'F017', 124),
('S018', 'F018', 141),
('S019', 'F001', 132),
('S019', 'F002', 39),
('S019', 'F003', 199),
('S019', 'F004', 78),
('S019', 'F005', 191),
('S019', 'F006', 121),
('S019', 'F007', 33),
('S019', 'F008', 2),
('S019', 'F009', 110),
('S019', 'F010', 145),
('S019', 'F011', 193),
('S019', 'F012', 131),
('S019', 'F013', 76),
('S019', 'F014', 184),
('S019', 'F015', 94),
('S019', 'F016', 115),
('S019', 'F017', 95),
('S019', 'F018', 127),
('S020', 'F001', 152),
('S020', 'F002', 178),
('S020', 'F003', 32),
('S020', 'F004', 28),
('S020', 'F005', 42),
('S020', 'F006', 124),
('S020', 'F007', 95),
('S020', 'F008', 104),
('S020', 'F009', 32),
('S020', 'F010', 49),
('S020', 'F011', 148),
('S020', 'F012', 193),
('S020', 'F013', 119),
('S020', 'F014', 15),
('S020', 'F015', 116),
('S020', 'F016', 138),
('S020', 'F017', 139),
('S020', 'F018', 81),
('S021', 'F001', 186),
('S021', 'F002', 89),
('S021', 'F003', 86),
('S021', 'F004', 161),
('S021', 'F005', 148),
('S021', 'F006', 54),
('S021', 'F007', 28),
('S021', 'F008', 178),
('S021', 'F009', 4),
('S021', 'F010', 84),
('S021', 'F011', 8),
('S021', 'F012', 188),
('S021', 'F013', 115),
('S021', 'F014', 13),
('S021', 'F015', 117),
('S021', 'F016', 146),
('S021', 'F017', 177),
('S021', 'F018', 47),
('S022', 'F001', 103),
('S022', 'F002', 173),
('S022', 'F003', 156),
('S022', 'F004', 62),
('S022', 'F005', 40),
('S022', 'F006', 15),
('S022', 'F007', 154),
('S022', 'F008', 123),
('S022', 'F009', 154),
('S022', 'F010', 2),
('S022', 'F011', 145),
('S022', 'F012', 118),
('S022', 'F013', 156),
('S022', 'F014', 26),
('S022', 'F015', 62),
('S022', 'F016', 32),
('S022', 'F017', 172),
('S022', 'F018', 163),
('S023', 'F001', 99),
('S023', 'F002', 5),
('S023', 'F003', 127),
('S023', 'F004', 19),
('S023', 'F005', 112),
('S023', 'F006', 106),
('S023', 'F007', 190),
('S023', 'F008', 35),
('S023', 'F009', 3),
('S023', 'F010', 112),
('S023', 'F011', 147),
('S023', 'F012', 199),
('S023', 'F013', 154),
('S023', 'F014', 174),
('S023', 'F015', 4),
('S023', 'F016', 101),
('S023', 'F017', 90),
('S023', 'F018', 149),
('S024', 'F001', 75),
('S024', 'F002', 126),
('S024', 'F003', 3),
('S024', 'F004', 38),
('S024', 'F005', 179),
('S024', 'F006', 179),
('S024', 'F007', 161),
('S024', 'F008', 67),
('S024', 'F009', 49),
('S024', 'F010', 45),
('S024', 'F011', 77),
('S024', 'F012', 51),
('S024', 'F013', 23),
('S024', 'F014', 160),
('S024', 'F015', 130),
('S024', 'F016', 172),
('S024', 'F017', 67),
('S024', 'F018', 18),
('S025', 'F001', 92),
('S025', 'F002', 2),
('S025', 'F003', 136),
('S025', 'F004', 74),
('S025', 'F005', 161),
('S025', 'F006', 180),
('S025', 'F007', 20),
('S025', 'F008', 157),
('S025', 'F009', 127),
('S025', 'F010', 161),
('S025', 'F011', 26),
('S025', 'F012', 45),
('S025', 'F013', 148),
('S025', 'F014', 4),
('S025', 'F015', 177),
('S025', 'F016', 73),
('S025', 'F017', 31),
('S025', 'F018', 135),
('S026', 'F001', 181),
('S026', 'F002', 102),
('S026', 'F003', 168),
('S026', 'F004', 130),
('S026', 'F005', 146),
('S026', 'F006', 139),
('S026', 'F007', 59),
('S026', 'F008', 74),
('S026', 'F009', 195),
('S026', 'F010', 153),
('S026', 'F011', 180),
('S026', 'F012', 40),
('S026', 'F013', 61),
('S026', 'F014', 182),
('S026', 'F015', 129),
('S026', 'F016', 95),
('S026', 'F017', 91),
('S026', 'F018', 168),
('S027', 'F001', 166),
('S027', 'F002', 128),
('S027', 'F003', 139),
('S027', 'F004', 113),
('S027', 'F005', 148),
('S027', 'F006', 198),
('S027', 'F007', 148),
('S027', 'F008', 143),
('S027', 'F009', 73),
('S027', 'F010', 135),
('S027', 'F011', 55),
('S027', 'F012', 71),
('S027', 'F013', 189),
('S027', 'F014', 132),
('S027', 'F015', 91),
('S027', 'F016', 60),
('S027', 'F017', 28),
('S027', 'F018', 157),
('S028', 'F001', 100),
('S028', 'F002', 29),
('S028', 'F003', 46),
('S028', 'F004', 142),
('S028', 'F005', 171),
('S028', 'F006', 30),
('S028', 'F007', 34),
('S028', 'F008', 80),
('S028', 'F009', 98),
('S028', 'F010', 51),
('S028', 'F011', 159),
('S028', 'F012', 41),
('S028', 'F013', 126),
('S028', 'F014', 109),
('S028', 'F015', 166),
('S028', 'F016', 103),
('S028', 'F017', 17),
('S028', 'F018', 177),
('S029', 'F001', 31),
('S029', 'F002', 26),
('S029', 'F003', 34),
('S029', 'F004', 90),
('S029', 'F005', 150),
('S029', 'F006', 80),
('S029', 'F007', 147),
('S029', 'F008', 94),
('S029', 'F009', 30),
('S029', 'F010', 69),
('S029', 'F011', 54),
('S029', 'F012', 60),
('S029', 'F013', 141),
('S029', 'F014', 122),
('S029', 'F015', 187),
('S029', 'F016', 167),
('S029', 'F017', 74),
('S029', 'F018', 70),
('S030', 'F001', 127),
('S030', 'F002', 25),
('S030', 'F003', 141),
('S030', 'F004', 31),
('S030', 'F005', 131),
('S030', 'F006', 163),
('S030', 'F007', 22),
('S030', 'F008', 21),
('S030', 'F009', 39),
('S030', 'F010', 130),
('S030', 'F011', 132),
('S030', 'F012', 72),
('S030', 'F013', 162),
('S030', 'F014', 196),
('S030', 'F015', 91),
('S030', 'F016', 66),
('S030', 'F017', 56),
('S030', 'F018', 82),
('S031', 'F001', 44),
('S031', 'F002', 171),
('S031', 'F003', 121),
('S031', 'F004', 94),
('S031', 'F005', 107),
('S031', 'F006', 52),
('S031', 'F007', 138),
('S031', 'F008', 133),
('S031', 'F009', 52),
('S031', 'F010', 61),
('S031', 'F011', 148),
('S031', 'F012', 157),
('S031', 'F013', 141),
('S031', 'F014', 32),
('S031', 'F015', 136),
('S031', 'F016', 184),
('S031', 'F017', 112),
('S031', 'F018', 7),
('S032', 'F001', 100),
('S032', 'F002', 77),
('S032', 'F003', 84),
('S032', 'F004', 187),
('S032', 'F005', 86),
('S032', 'F006', 65),
('S032', 'F007', 68),
('S032', 'F008', 146),
('S032', 'F009', 123),
('S032', 'F010', 178),
('S032', 'F011', 119),
('S032', 'F012', 59),
('S032', 'F013', 140),
('S032', 'F014', 121),
('S032', 'F015', 186),
('S032', 'F016', 167),
('S032', 'F017', 77),
('S032', 'F018', 84),
('S033', 'F001', 186),
('S033', 'F002', 79),
('S033', 'F003', 37),
('S033', 'F004', 145),
('S033', 'F005', 15),
('S033', 'F006', 39),
('S033', 'F007', 149),
('S033', 'F008', 29),
('S033', 'F009', 95),
('S033', 'F010', 190),
('S033', 'F011', 65),
('S033', 'F012', 152),
('S033', 'F013', 166),
('S033', 'F014', 175),
('S033', 'F015', 174),
('S033', 'F016', 144),
('S033', 'F017', 197),
('S033', 'F018', 154),
('S034', 'F001', 178),
('S034', 'F002', 28),
('S034', 'F003', 3),
('S034', 'F004', 133),
('S034', 'F005', 55),
('S034', 'F006', 75),
('S034', 'F007', 10),
('S034', 'F008', 24),
('S034', 'F009', 89),
('S034', 'F010', 171),
('S034', 'F011', 190),
('S034', 'F012', 37),
('S034', 'F013', 14),
('S034', 'F014', 156),
('S034', 'F015', 141),
('S034', 'F016', 35),
('S034', 'F017', 153),
('S034', 'F018', 60),
('S035', 'F001', 38),
('S035', 'F002', 10),
('S035', 'F003', 136),
('S035', 'F004', 49),
('S035', 'F005', 37),
('S035', 'F006', 38),
('S035', 'F007', 78),
('S035', 'F008', 76),
('S035', 'F009', 147),
('S035', 'F010', 106),
('S035', 'F011', 90),
('S035', 'F012', 128),
('S035', 'F013', 172),
('S035', 'F014', 75),
('S035', 'F015', 59),
('S035', 'F016', 70),
('S035', 'F017', 173),
('S035', 'F018', 55),
('S036', 'F001', 156),
('S036', 'F002', 15),
('S036', 'F003', 5),
('S036', 'F004', 179),
('S036', 'F005', 78),
('S036', 'F006', 55),
('S036', 'F007', 40),
('S036', 'F008', 36),
('S036', 'F009', 57),
('S036', 'F010', 178),
('S036', 'F011', 116),
('S036', 'F012', 49),
('S036', 'F013', 94),
('S036', 'F014', 124),
('S036', 'F015', 138),
('S036', 'F016', 115),
('S036', 'F017', 163),
('S036', 'F018', 67),
('S037', 'F001', 47),
('S037', 'F002', 34),
('S037', 'F003', 29),
('S037', 'F004', 43),
('S037', 'F005', 125),
('S037', 'F006', 95),
('S037', 'F007', 101),
('S037', 'F008', 21),
('S037', 'F009', 200),
('S037', 'F010', 136),
('S037', 'F011', 82),
('S037', 'F012', 198),
('S037', 'F013', 146),
('S037', 'F014', 133),
('S037', 'F015', 28),
('S037', 'F016', 142),
('S037', 'F017', 26),
('S037', 'F018', 102),
('S038', 'F001', 31),
('S038', 'F002', 51),
('S038', 'F003', 160),
('S038', 'F004', 48),
('S038', 'F005', 156),
('S038', 'F006', 39),
('S038', 'F007', 126),
('S038', 'F008', 110),
('S038', 'F009', 174),
('S038', 'F010', 140),
('S038', 'F011', 177),
('S038', 'F012', 62),
('S038', 'F013', 180),
('S038', 'F014', 115),
('S038', 'F015', 35),
('S038', 'F016', 29),
('S038', 'F017', 39),
('S038', 'F018', 109),
('S039', 'F001', 25),
('S039', 'F002', 199),
('S039', 'F003', 119),
('S039', 'F004', 197),
('S039', 'F005', 29),
('S039', 'F006', 154),
('S039', 'F007', 80),
('S039', 'F008', 140),
('S039', 'F009', 61),
('S039', 'F010', 81),
('S039', 'F011', 23),
('S039', 'F012', 70),
('S039', 'F013', 80),
('S039', 'F014', 193),
('S039', 'F015', 121),
('S039', 'F016', 26),
('S039', 'F017', 167),
('S039', 'F018', 155),
('S040', 'F001', 74),
('S040', 'F002', 103),
('S040', 'F003', 95),
('S040', 'F004', 163),
('S040', 'F005', 132),
('S040', 'F006', 169),
('S040', 'F007', 51),
('S040', 'F008', 146),
('S040', 'F009', 176),
('S040', 'F010', 41),
('S040', 'F011', 78),
('S040', 'F012', 67),
('S040', 'F013', 102),
('S040', 'F014', 106),
('S040', 'F015', 24),
('S040', 'F016', 3),
('S040', 'F017', 143),
('S040', 'F018', 103),
('S041', 'F001', 86),
('S041', 'F002', 122),
('S041', 'F003', 152),
('S041', 'F004', 194),
('S041', 'F005', 112),
('S041', 'F006', 178),
('S041', 'F007', 153),
('S041', 'F008', 31),
('S041', 'F009', 95),
('S041', 'F010', 181),
('S041', 'F011', 19),
('S041', 'F012', 150),
('S041', 'F013', 95),
('S041', 'F014', 24),
('S041', 'F015', 36),
('S041', 'F016', 106),
('S041', 'F017', 23),
('S041', 'F018', 196),
('S042', 'F001', 110),
('S042', 'F002', 163),
('S042', 'F003', 83),
('S042', 'F004', 128),
('S042', 'F005', 188),
('S042', 'F006', 158),
('S042', 'F007', 23),
('S042', 'F008', 40),
('S042', 'F009', 133),
('S042', 'F010', 143),
('S042', 'F011', 117),
('S042', 'F012', 154),
('S042', 'F013', 17),
('S042', 'F014', 25),
('S042', 'F015', 73),
('S042', 'F016', 88),
('S042', 'F017', 20),
('S042', 'F018', 39),
('S043', 'F001', 131),
('S043', 'F002', 138),
('S043', 'F003', 96),
('S043', 'F004', 65),
('S043', 'F005', 37),
('S043', 'F006', 189),
('S043', 'F007', 36),
('S043', 'F008', 10),
('S043', 'F009', 143),
('S043', 'F010', 82),
('S043', 'F011', 184),
('S043', 'F012', 72),
('S043', 'F013', 6),
('S043', 'F014', 16),
('S043', 'F015', 59),
('S043', 'F016', 49),
('S043', 'F017', 66),
('S043', 'F018', 182),
('S044', 'F001', 114),
('S044', 'F002', 20),
('S044', 'F003', 160),
('S044', 'F004', 138),
('S044', 'F005', 11),
('S044', 'F006', 39),
('S044', 'F007', 160),
('S044', 'F008', 84),
('S044', 'F009', 139),
('S044', 'F010', 41),
('S044', 'F011', 191),
('S044', 'F012', 28),
('S044', 'F013', 167),
('S044', 'F014', 152),
('S044', 'F015', 56),
('S044', 'F016', 25),
('S044', 'F017', 157),
('S044', 'F018', 108),
('S045', 'F001', 71),
('S045', 'F002', 28),
('S045', 'F003', 127),
('S045', 'F004', 150),
('S045', 'F005', 168),
('S045', 'F006', 189),
('S045', 'F007', 43),
('S045', 'F008', 45),
('S045', 'F009', 95),
('S045', 'F010', 139),
('S045', 'F011', 11),
('S045', 'F012', 37),
('S045', 'F013', 152),
('S045', 'F014', 48),
('S045', 'F015', 184),
('S045', 'F016', 173),
('S045', 'F017', 115),
('S045', 'F018', 54),
('S046', 'F001', 124),
('S046', 'F002', 57),
('S046', 'F003', 113),
('S046', 'F004', 194),
('S046', 'F005', 31),
('S046', 'F006', 173),
('S046', 'F007', 172),
('S046', 'F008', 139),
('S046', 'F009', 179),
('S046', 'F010', 76),
('S046', 'F011', 45),
('S046', 'F012', 197),
('S046', 'F013', 47),
('S046', 'F014', 46),
('S046', 'F015', 87),
('S046', 'F016', 96),
('S046', 'F017', 19),
('S046', 'F018', 5),
('S047', 'F001', 168),
('S047', 'F002', 24),
('S047', 'F003', 16),
('S047', 'F004', 7),
('S047', 'F005', 185),
('S047', 'F006', 104),
('S047', 'F007', 165),
('S047', 'F008', 112),
('S047', 'F009', 64),
('S047', 'F010', 184),
('S047', 'F011', 130),
('S047', 'F012', 94),
('S047', 'F013', 82),
('S047', 'F014', 127),
('S047', 'F015', 190),
('S047', 'F016', 167),
('S047', 'F017', 66),
('S047', 'F018', 28),
('S048', 'F001', 140),
('S048', 'F002', 16),
('S048', 'F003', 60),
('S048', 'F004', 52),
('S048', 'F005', 79),
('S048', 'F006', 40),
('S048', 'F007', 160),
('S048', 'F008', 82),
('S048', 'F009', 127),
('S048', 'F010', 188),
('S048', 'F011', 160),
('S048', 'F012', 37),
('S048', 'F013', 101),
('S048', 'F014', 197),
('S048', 'F015', 80),
('S048', 'F016', 9),
('S048', 'F017', 4),
('S048', 'F018', 191),
('S049', 'F001', 142),
('S049', 'F002', 138),
('S049', 'F003', 64),
('S049', 'F004', 105),
('S049', 'F005', 133),
('S049', 'F006', 151),
('S049', 'F007', 153),
('S049', 'F008', 111),
('S049', 'F009', 97),
('S049', 'F010', 153),
('S049', 'F011', 71),
('S049', 'F012', 97),
('S049', 'F013', 70),
('S049', 'F014', 59),
('S049', 'F015', 84),
('S049', 'F016', 43),
('S049', 'F017', 163),
('S049', 'F018', 86),
('S050', 'F001', 139),
('S050', 'F002', 39),
('S050', 'F003', 177),
('S050', 'F004', 166),
('S050', 'F005', 100),
('S050', 'F006', 1),
('S050', 'F007', 105),
('S050', 'F008', 121),
('S050', 'F009', 89),
('S050', 'F010', 81),
('S050', 'F011', 139),
('S050', 'F012', 50),
('S050', 'F013', 34),
('S050', 'F014', 18),
('S050', 'F015', 189),
('S050', 'F016', 91),
('S050', 'F017', 86),
('S050', 'F018', 156),
('S051', 'F001', 122),
('S051', 'F002', 141),
('S051', 'F003', 139),
('S051', 'F004', 71),
('S051', 'F005', 139),
('S051', 'F006', 81),
('S051', 'F007', 186),
('S051', 'F008', 89),
('S051', 'F009', 83),
('S051', 'F010', 150),
('S051', 'F011', 101),
('S051', 'F012', 53),
('S051', 'F013', 162),
('S051', 'F014', 50),
('S051', 'F015', 163),
('S051', 'F016', 66),
('S051', 'F017', 39),
('S051', 'F018', 197),
('S052', 'F001', 69),
('S052', 'F002', 153),
('S052', 'F003', 156),
('S052', 'F004', 120),
('S052', 'F005', 133),
('S052', 'F006', 105),
('S052', 'F007', 125),
('S052', 'F008', 111),
('S052', 'F009', 177),
('S052', 'F010', 154),
('S052', 'F011', 37),
('S052', 'F012', 123),
('S052', 'F013', 102),
('S052', 'F014', 141),
('S052', 'F015', 199),
('S052', 'F016', 170),
('S052', 'F017', 54),
('S052', 'F018', 159),
('S053', 'F001', 33),
('S053', 'F002', 88),
('S053', 'F003', 142),
('S053', 'F004', 42),
('S053', 'F005', 185),
('S053', 'F006', 200),
('S053', 'F007', 41),
('S053', 'F008', 8),
('S053', 'F009', 113),
('S053', 'F010', 144),
('S053', 'F011', 178),
('S053', 'F012', 60),
('S053', 'F013', 163),
('S053', 'F014', 35),
('S053', 'F015', 85),
('S053', 'F016', 121),
('S053', 'F017', 150),
('S053', 'F018', 187),
('S054', 'F001', 85),
('S054', 'F002', 62),
('S054', 'F003', 56),
('S054', 'F004', 94),
('S054', 'F005', 99),
('S054', 'F006', 15),
('S054', 'F007', 178),
('S054', 'F008', 43),
('S054', 'F009', 81),
('S054', 'F010', 74),
('S054', 'F011', 127),
('S054', 'F012', 14),
('S054', 'F013', 86),
('S054', 'F014', 191),
('S054', 'F015', 93),
('S054', 'F016', 92),
('S054', 'F017', 180),
('S054', 'F018', 24),
('S055', 'F001', 178),
('S055', 'F002', 20),
('S055', 'F003', 164),
('S055', 'F004', 160),
('S055', 'F005', 106),
('S055', 'F006', 48),
('S055', 'F007', 125),
('S055', 'F008', 80),
('S055', 'F009', 22),
('S055', 'F010', 73),
('S055', 'F011', 95),
('S055', 'F012', 57),
('S055', 'F013', 200),
('S055', 'F014', 28),
('S055', 'F015', 139),
('S055', 'F016', 12),
('S055', 'F017', 43),
('S055', 'F018', 178),
('S056', 'F001', 162),
('S056', 'F002', 74),
('S056', 'F003', 84),
('S056', 'F004', 197),
('S056', 'F005', 134),
('S056', 'F006', 80),
('S056', 'F007', 194),
('S056', 'F008', 133),
('S056', 'F009', 79),
('S056', 'F010', 197),
('S056', 'F011', 148),
('S056', 'F012', 147),
('S056', 'F013', 91),
('S056', 'F014', 12),
('S056', 'F015', 186),
('S056', 'F016', 93),
('S056', 'F017', 110),
('S056', 'F018', 67),
('S057', 'F001', 8),
('S057', 'F002', 35),
('S057', 'F003', 153),
('S057', 'F004', 59),
('S057', 'F005', 34),
('S057', 'F006', 194),
('S057', 'F007', 69),
('S057', 'F008', 160),
('S057', 'F009', 194),
('S057', 'F010', 91),
('S057', 'F011', 71),
('S057', 'F012', 82),
('S057', 'F013', 198),
('S057', 'F014', 143),
('S057', 'F015', 121),
('S057', 'F016', 177),
('S057', 'F017', 118),
('S057', 'F018', 61),
('S058', 'F001', 150),
('S058', 'F002', 165),
('S058', 'F003', 174),
('S058', 'F004', 175),
('S058', 'F005', 152),
('S058', 'F006', 36),
('S058', 'F007', 123),
('S058', 'F008', 107),
('S058', 'F009', 166),
('S058', 'F010', 109),
('S058', 'F011', 46),
('S058', 'F012', 103),
('S058', 'F013', 177),
('S058', 'F014', 176),
('S058', 'F015', 149),
('S058', 'F016', 17),
('S058', 'F017', 38),
('S058', 'F018', 137),
('S059', 'F001', 170),
('S059', 'F002', 40),
('S059', 'F003', 90),
('S059', 'F004', 129),
('S059', 'F005', 172),
('S059', 'F006', 75),
('S059', 'F007', 59),
('S059', 'F008', 71),
('S059', 'F009', 174),
('S059', 'F010', 60),
('S059', 'F011', 175),
('S059', 'F012', 96),
('S059', 'F013', 152),
('S059', 'F014', 74),
('S059', 'F015', 112),
('S059', 'F016', 138),
('S059', 'F017', 154),
('S059', 'F018', 155),
('S060', 'F001', 111),
('S060', 'F002', 92),
('S060', 'F003', 124),
('S060', 'F004', 144),
('S060', 'F005', 147),
('S060', 'F006', 104),
('S060', 'F007', 78),
('S060', 'F008', 80),
('S060', 'F009', 162),
('S060', 'F010', 170),
('S060', 'F011', 163),
('S060', 'F012', 103),
('S060', 'F013', 28),
('S060', 'F014', 30),
('S060', 'F015', 65),
('S060', 'F016', 35),
('S060', 'F017', 178),
('S060', 'F018', 187),
('S061', 'F001', 198),
('S061', 'F002', 27),
('S061', 'F003', 144),
('S061', 'F004', 38),
('S061', 'F005', 156),
('S061', 'F006', 68),
('S061', 'F007', 70),
('S061', 'F008', 146),
('S061', 'F009', 117),
('S061', 'F010', 149),
('S061', 'F011', 194),
('S061', 'F012', 122),
('S061', 'F013', 27),
('S061', 'F014', 171),
('S061', 'F015', 171),
('S061', 'F016', 142),
('S061', 'F017', 197),
('S061', 'F018', 157),
('S062', 'F001', 194),
('S062', 'F002', 99),
('S062', 'F003', 114),
('S062', 'F004', 73),
('S062', 'F005', 20),
('S062', 'F006', 82),
('S062', 'F007', 149),
('S062', 'F008', 99),
('S062', 'F009', 48),
('S062', 'F010', 144),
('S062', 'F011', 174),
('S062', 'F012', 39),
('S062', 'F013', 72),
('S062', 'F014', 40),
('S062', 'F015', 185),
('S062', 'F016', 7),
('S062', 'F017', 76),
('S062', 'F018', 159),
('S063', 'F001', 168),
('S063', 'F002', 160),
('S063', 'F003', 97),
('S063', 'F004', 5),
('S063', 'F005', 133),
('S063', 'F006', 51),
('S063', 'F007', 56),
('S063', 'F008', 126),
('S063', 'F009', 63),
('S063', 'F010', 136),
('S063', 'F011', 90),
('S063', 'F012', 43),
('S063', 'F013', 144),
('S063', 'F014', 191),
('S063', 'F015', 122),
('S063', 'F016', 38),
('S063', 'F017', 23),
('S063', 'F018', 199),
('S064', 'F001', 126),
('S064', 'F002', 35),
('S064', 'F003', 193),
('S064', 'F004', 61),
('S064', 'F005', 125),
('S064', 'F006', 40),
('S064', 'F007', 27),
('S064', 'F008', 13),
('S064', 'F009', 185),
('S064', 'F010', 83),
('S064', 'F011', 60),
('S064', 'F012', 52),
('S064', 'F013', 79),
('S064', 'F014', 36),
('S064', 'F015', 145),
('S064', 'F016', 17),
('S064', 'F017', 50),
('S064', 'F018', 196),
('S065', 'F001', 32),
('S065', 'F002', 171),
('S065', 'F003', 157),
('S065', 'F004', 72),
('S065', 'F005', 89),
('S065', 'F006', 27),
('S065', 'F007', 70),
('S065', 'F008', 65),
('S065', 'F009', 118),
('S065', 'F010', 192),
('S065', 'F011', 5),
('S065', 'F012', 49),
('S065', 'F013', 31),
('S065', 'F014', 7),
('S065', 'F015', 142),
('S065', 'F016', 89),
('S065', 'F017', 18),
('S065', 'F018', 24);

-- --------------------------------------------------------

--
-- Table structure for table `shop_staff`
--

CREATE TABLE `shop_staff` (
  `ID` char(3) NOT NULL,
  `StaffName` varchar(50) NOT NULL,
  `ShopID` char(4) NOT NULL,
  `UserID` char(5) NOT NULL
) ENGINE=InnoDB DEFAULT CHARSET=utf8mb4 COLLATE=utf8mb4_general_ci;

--
-- Dumping data for table `shop_staff`
--

INSERT INTO `shop_staff` (`ID`, `StaffName`, `ShopID`, `UserID`) VALUES
('001', 'Alvin', 'S001', 'U001');

-- --------------------------------------------------------

--
-- Table structure for table `user`
--

CREATE TABLE `user` (
  `UserID` char(5) NOT NULL,
  `UserName` varchar(50) NOT NULL,
  `Password` varchar(100) NOT NULL
) ENGINE=InnoDB DEFAULT CHARSET=utf8mb4 COLLATE=utf8mb4_general_ci;

--
-- Dumping data for table `user`
--

INSERT INTO `user` (`UserID`, `UserName`, `Password`) VALUES
('U001', 'User 1', '7VMRVdnaqD2rjKgdc4PSkA=='),
('U002', 'User 2', 'Aw7uB0qKuHrV1v5jqHtPhw=='),
('U003', 'User 3', 'CpWhvOs//62LN7EVZk60ew==');

-- --------------------------------------------------------

--
-- Table structure for table `warehouse`
--

CREATE TABLE `warehouse` (
  `ID` char(4) NOT NULL,
  `CountryRegionID` char(2) DEFAULT NULL,
  `Type` enum('Central','Source') NOT NULL,
  `PhoneNumber` varchar(20) NOT NULL
) ENGINE=InnoDB DEFAULT CHARSET=utf8mb4 COLLATE=utf8mb4_general_ci;

--
-- Dumping data for table `warehouse`
--

INSERT INTO `warehouse` (`ID`, `CountryRegionID`, `Type`, `PhoneNumber`) VALUES
('W001', 'JP', 'Central', '+81 3-1234-5678'),
('W002', 'US', 'Central', '+1 212-987-6543'),
('W003', 'HK', 'Central', '+852 2345 6789'),
('W004', 'CN', 'Source', '+44 20 7946 0823');

-- --------------------------------------------------------

--
-- Table structure for table `warehouse_fruit_stock`
--

CREATE TABLE `warehouse_fruit_stock` (
  `WarehouseID` char(4) NOT NULL,
  `FruitID` char(4) NOT NULL,
  `Qty` int(5) NOT NULL
) ENGINE=InnoDB DEFAULT CHARSET=utf8mb4 COLLATE=utf8mb4_general_ci;

--
-- Dumping data for table `warehouse_fruit_stock`
--

INSERT INTO `warehouse_fruit_stock` (`WarehouseID`, `FruitID`, `Qty`) VALUES
('W001', 'F001', 92),
('W001', 'F002', 108),
('W001', 'F003', 66),
('W001', 'F004', 7),
('W001', 'F005', 34),
('W001', 'F006', 149),
('W001', 'F007', 41),
('W001', 'F008', 160),
('W001', 'F009', 74),
('W001', 'F010', 91),
('W001', 'F011', 33),
('W001', 'F012', 89),
('W001', 'F013', 147),
('W001', 'F014', 67),
('W001', 'F015', 93),
('W001', 'F016', 65),
('W001', 'F017', 46),
('W001', 'F018', 35),
('W002', 'F001', 35),
('W002', 'F002', 68),
('W002', 'F003', 36),
('W002', 'F004', 174),
('W002', 'F005', 164),
('W002', 'F006', 96),
('W002', 'F007', 187),
('W002', 'F008', 46),
('W002', 'F009', 71),
('W002', 'F010', 15),
('W002', 'F011', 60),
('W002', 'F012', 57),
('W002', 'F013', 104),
('W002', 'F014', 147),
('W002', 'F015', 22),
('W002', 'F016', 70),
('W002', 'F017', 85),
('W002', 'F018', 13),
('W003', 'F001', 10),
('W003', 'F002', 11),
('W003', 'F003', 23),
('W003', 'F004', 83),
('W003', 'F005', 145),
('W003', 'F006', 74),
('W003', 'F007', 135),
('W003', 'F008', 54),
('W003', 'F009', 65),
('W003', 'F010', 164),
('W003', 'F011', 21),
('W003', 'F012', 15),
('W003', 'F013', 9),
('W003', 'F014', 200),
('W003', 'F015', 175),
('W003', 'F016', 73),
('W003', 'F017', 41),
('W003', 'F018', 183);

-- --------------------------------------------------------

--
-- Table structure for table `warehouse_staff`
--

CREATE TABLE `warehouse_staff` (
  `ID` char(3) NOT NULL,
  `StaffName` varchar(50) NOT NULL,
  `WarehouseID` char(4) NOT NULL,
  `UserID` char(5) NOT NULL
) ENGINE=InnoDB DEFAULT CHARSET=utf8mb4 COLLATE=utf8mb4_general_ci;

--
-- Dumping data for table `warehouse_staff`
--

INSERT INTO `warehouse_staff` (`ID`, `StaffName`, `WarehouseID`, `UserID`) VALUES
('001', 'Peter', 'W001', 'U002'),
('002', 'Tom', 'W004', 'U003');

--
-- Indexes for dumped tables
--

--
-- Indexes for table `country_region`
--
ALTER TABLE `country_region`
  ADD PRIMARY KEY (`ID`);

--
-- Indexes for table `fruit`
--
ALTER TABLE `fruit`
  ADD PRIMARY KEY (`ID`),
  ADD KEY `FruitCityID_fk` (`FruitCityID`);

--
-- Indexes for table `fruit_city`
--
ALTER TABLE `fruit_city`
  ADD PRIMARY KEY (`ID`),
  ADD KEY `country_region_fk` (`CountryRegionID`);

--
-- Indexes for table `shop`
--
ALTER TABLE `shop`
  ADD PRIMARY KEY (`ID`),
  ADD KEY `city_fk` (`City`);

--
-- Indexes for table `shop_city`
--
ALTER TABLE `shop_city`
  ADD PRIMARY KEY (`ID`),
  ADD KEY `FK_shop_city_country_region` (`CountryRegionID`);

--
-- Indexes for table `shop_fruit_order_item`
--
ALTER TABLE `shop_fruit_order_item`
  ADD PRIMARY KEY (`OrderID`,`FruitID`);

--
-- Indexes for table `shop_fruit_stock`
--
ALTER TABLE `shop_fruit_stock`
  ADD PRIMARY KEY (`ShopID`,`FruitID`),
  ADD KEY `FruitID_fk` (`FruitID`);

--
-- Indexes for table `shop_staff`
--
ALTER TABLE `shop_staff`
  ADD PRIMARY KEY (`ID`),
  ADD KEY `ShopID` (`ShopID`),
  ADD KEY `UserID` (`UserID`);

--
-- Indexes for table `user`
--
ALTER TABLE `user`
  ADD PRIMARY KEY (`UserID`);

--
-- Indexes for table `warehouse`
--
ALTER TABLE `warehouse`
  ADD PRIMARY KEY (`ID`),
  ADD KEY `c_fk` (`CountryRegionID`);

--
-- Indexes for table `warehouse_fruit_stock`
--
ALTER TABLE `warehouse_fruit_stock`
  ADD PRIMARY KEY (`WarehouseID`,`FruitID`),
  ADD KEY `FruitID` (`FruitID`);

--
-- Indexes for table `warehouse_staff`
--
ALTER TABLE `warehouse_staff`
  ADD PRIMARY KEY (`ID`),
  ADD KEY `WarehouseID` (`WarehouseID`),
  ADD KEY `UserID` (`UserID`);

--
-- Constraints for dumped tables
--

--
-- Constraints for table `fruit`
--
ALTER TABLE `fruit`
  ADD CONSTRAINT `FruitCityID_fk` FOREIGN KEY (`FruitCityID`) REFERENCES `fruit_city` (`ID`);

--
-- Constraints for table `fruit_city`
--
ALTER TABLE `fruit_city`
  ADD CONSTRAINT `country_region_fk` FOREIGN KEY (`CountryRegionID`) REFERENCES `country_region` (`ID`);

--
-- Constraints for table `shop`
--
ALTER TABLE `shop`
  ADD CONSTRAINT `city_fk` FOREIGN KEY (`City`) REFERENCES `shop_city` (`ID`);

--
-- Constraints for table `shop_city`
--
ALTER TABLE `shop_city`
  ADD CONSTRAINT `FK_shop_city_country_region` FOREIGN KEY (`CountryRegionID`) REFERENCES `country_region` (`ID`);

--
-- Constraints for table `shop_fruit_stock`
--
ALTER TABLE `shop_fruit_stock`
  ADD CONSTRAINT `FruitID_fk` FOREIGN KEY (`FruitID`) REFERENCES `fruit` (`ID`),
  ADD CONSTRAINT `ShopID_fk` FOREIGN KEY (`ShopID`) REFERENCES `shop` (`ID`);

--
-- Constraints for table `shop_staff`
--
ALTER TABLE `shop_staff`
  ADD CONSTRAINT `shop_staff_ibfk_1` FOREIGN KEY (`ShopID`) REFERENCES `shop` (`ID`),
  ADD CONSTRAINT `shop_staff_ibfk_2` FOREIGN KEY (`UserID`) REFERENCES `user` (`UserID`);

--
-- Constraints for table `warehouse`
--
ALTER TABLE `warehouse`
  ADD CONSTRAINT `c_fk` FOREIGN KEY (`CountryRegionID`) REFERENCES `country_region` (`ID`);

--
-- Constraints for table `warehouse_fruit_stock`
--
ALTER TABLE `warehouse_fruit_stock`
  ADD CONSTRAINT `warehouse_fruit_stock_ibfk_1` FOREIGN KEY (`WarehouseID`) REFERENCES `warehouse` (`ID`),
  ADD CONSTRAINT `warehouse_fruit_stock_ibfk_2` FOREIGN KEY (`FruitID`) REFERENCES `fruit` (`ID`);

--
-- Constraints for table `warehouse_staff`
--
ALTER TABLE `warehouse_staff`
  ADD CONSTRAINT `warehouse_staff_ibfk_1` FOREIGN KEY (`WarehouseID`) REFERENCES `warehouse` (`ID`),
  ADD CONSTRAINT `warehouse_staff_ibfk_2` FOREIGN KEY (`UserID`) REFERENCES `user` (`UserID`);
COMMIT;

/*!40101 SET CHARACTER_SET_CLIENT=@OLD_CHARACTER_SET_CLIENT */;
/*!40101 SET CHARACTER_SET_RESULTS=@OLD_CHARACTER_SET_RESULTS */;
/*!40101 SET COLLATION_CONNECTION=@OLD_COLLATION_CONNECTION */;
