-- phpMyAdmin SQL Dump
-- version 5.2.1
-- https://www.phpmyadmin.net/
--
-- Host: 127.0.0.1
-- Generation Time: Apr 15, 2025 at 09:35 AM
-- Server version: 10.4.32-MariaDB
-- PHP Version: 8.2.12

SET SQL_MODE = "NO_AUTO_VALUE_ON_ZERO";
START TRANSACTION;
SET time_zone = "+00:00";


/*!40101 SET @OLD_CHARACTER_SET_CLIENT=@@CHARACTER_SET_CLIENT */;
/*!40101 SET @OLD_CHARACTER_SET_RESULTS=@@CHARACTER_SET_RESULTS */;
/*!40101 SET @OLD_COLLATION_CONNECTION=@@COLLATION_CONNECTION */;
/*!40101 SET NAMES utf8mb4 */;

--
-- Database: `itp4511_project_db`
--
CREATE DATABASE IF NOT EXISTS `itp4511_project_db` DEFAULT CHARACTER SET utf8mb4 COLLATE utf8mb4_general_ci;
USE `itp4511_project_db`;

-- --------------------------------------------------------

--
-- Table structure for table `country_region`
--

CREATE TABLE `country_region` (
  `ID` char(2) NOT NULL,
  `Name` varchar(40) NOT NULL
) ENGINE=InnoDB DEFAULT CHARSET=utf8mb4 COLLATE=utf8mb4_general_ci;

--
-- Dumping data for table `country_region`
--

INSERT INTO `country_region` (`ID`, `Name`) VALUES
('AD', 'Andorra'),
('AE', 'United Arab Emirates'),
('AF', 'Afghanistan'),
('AL', 'Albania'),
('AM', 'Armenia'),
('AO', 'Angola'),
('AR', 'Argentina'),
('AS', 'American Samoa'),
('AT', 'Austria'),
('AU', 'Australia'),
('AW', 'Aruba'),
('AZ', 'Azerbaijan'),
('BA', 'Bosnia and Herzegovina'),
('BB', 'Barbados'),
('BD', 'Bangladesh'),
('BE', 'Belgium'),
('BF', 'Burkina Faso'),
('BG', 'Bulgaria'),
('BH', 'Bahrain'),
('BI', 'Burundi'),
('BJ', 'Benin'),
('BM', 'Bermuda'),
('BN', 'Brunei Darussalam'),
('BO', 'Bolivia'),
('BR', 'Brazil'),
('BS', 'Bahamas'),
('BT', 'Bhutan'),
('BW', 'Botswana'),
('BY', 'Belarus'),
('BZ', 'Belize'),
('CA', 'Canada'),
('CD', 'Congo, Democratic Republic of the'),
('CF', 'Central African Republic'),
('CG', 'Congo'),
('CH', 'Switzerland'),
('CI', 'Côte d\'Ivoire'),
('CL', 'Chile'),
('CM', 'Cameroon'),
('CN', 'China'),
('CO', 'Colombia'),
('CR', 'Costa Rica'),
('CU', 'Cuba'),
('CV', 'Cabo Verde'),
('CW', 'Curaçao'),
('CY', 'Cyprus'),
('CZ', 'Czechia'),
('DE', 'Germany'),
('DJ', 'Djibouti'),
('DK', 'Denmark'),
('DM', 'Dominica'),
('DO', 'Dominican Republic'),
('DZ', 'Algeria'),
('EC', 'Ecuador'),
('EE', 'Estonia'),
('EG', 'Egypt'),
('ER', 'Eritrea'),
('ES', 'Spain'),
('ET', 'Ethiopia'),
('FI', 'Finland'),
('FJ', 'Fiji'),
('FM', 'Micronesia, Federated States of'),
('FO', 'Faroe Islands'),
('FR', 'France'),
('GA', 'Gabon'),
('GB', 'United Kingdom'),
('GD', 'Grenada'),
('GE', 'Georgia'),
('GH', 'Ghana'),
('GI', 'Gibraltar'),
('GL', 'Greenland'),
('GM', 'Gambia'),
('GN', 'Guinea'),
('GQ', 'Equatorial Guinea'),
('GR', 'Greece'),
('GS', 'South Georgia and the South Sandwich Isl'),
('GT', 'Guatemala'),
('GU', 'Guam'),
('GW', 'Guinea-Bissau'),
('GY', 'Guyana'),
('HK', 'Hong Kong'),
('HN', 'Honduras'),
('HR', 'Croatia'),
('HT', 'Haiti'),
('HU', 'Hungary'),
('ID', 'Indonesia'),
('IE', 'Ireland'),
('IL', 'Israel'),
('IM', 'Isle of Man'),
('IN', 'India'),
('IQ', 'Iraq'),
('IR', 'Iran, Islamic Republic of'),
('IS', 'Iceland'),
('IT', 'Italy'),
('JE', 'Jersey'),
('JM', 'Jamaica'),
('JO', 'Jordan'),
('JP', 'Japan'),
('KE', 'Kenya'),
('KG', 'Kyrgyzstan'),
('KH', 'Cambodia'),
('KI', 'Kiribati'),
('KP', 'Korea, Democratic People\'s Republic of'),
('KR', 'Korea, Republic of'),
('KW', 'Kuwait'),
('KY', 'Cayman Islands'),
('KZ', 'Kazakhstan'),
('LA', 'Lao People\'s Democratic Republic'),
('LB', 'Lebanon'),
('LI', 'Liechtenstein'),
('LK', 'Sri Lanka'),
('LR', 'Liberia'),
('LS', 'Lesotho'),
('LT', 'Lithuania'),
('LU', 'Luxembourg'),
('LV', 'Latvia'),
('LY', 'Libya'),
('MA', 'Morocco'),
('MC', 'Monaco'),
('MD', 'Moldova, Republic of'),
('ME', 'Montenegro'),
('MG', 'Madagascar'),
('MH', 'Marshall Islands'),
('MK', 'North Macedonia'),
('ML', 'Mali'),
('MM', 'Myanmar'),
('MN', 'Mongolia'),
('MO', 'Macao'),
('MP', 'Northern Mariana Islands'),
('MQ', 'Martinique'),
('MR', 'Mauritania'),
('MS', 'Montserrat'),
('MT', 'Malta'),
('MU', 'Mauritius'),
('MV', 'Maldives'),
('MW', 'Malawi'),
('MX', 'Mexico'),
('MY', 'Malaysia'),
('MZ', 'Mozambique'),
('NA', 'Namibia'),
('NC', 'New Caledonia'),
('NE', 'Niger'),
('NG', 'Nigeria'),
('NI', 'Nicaragua'),
('NL', 'Netherlands'),
('NO', 'Norway'),
('NP', 'Nepal'),
('NR', 'Nauru'),
('NZ', 'New Zealand'),
('OM', 'Oman'),
('PA', 'Panama'),
('PE', 'Peru'),
('PG', 'Papua New Guinea'),
('PH', 'Philippines'),
('PK', 'Pakistan'),
('PL', 'Poland'),
('PR', 'Puerto Rico'),
('PT', 'Portugal'),
('PW', 'Palau'),
('PY', 'Paraguay'),
('QA', 'Qatar'),
('RO', 'Romania'),
('RS', 'Serbia'),
('RU', 'Russian Federation'),
('RW', 'Rwanda'),
('SA', 'Saudi Arabia'),
('SB', 'Solomon Islands'),
('SC', 'Seychelles'),
('SD', 'Sudan'),
('SE', 'Sweden'),
('SG', 'Singapore'),
('SI', 'Slovenia'),
('SJ', 'Svalbard and Jan Mayen'),
('SK', 'Slovakia'),
('SL', 'Sierra Leone'),
('SM', 'San Marino'),
('SN', 'Senegal'),
('SO', 'Somalia'),
('SR', 'Suriname'),
('SS', 'South Sudan'),
('SV', 'El Salvador'),
('SX', 'Sint Maarten (Dutch part)'),
('SY', 'Syrian Arab Republic'),
('SZ', 'Eswatini'),
('TC', 'Turks and Caicos Islands'),
('TD', 'Chad'),
('TG', 'Togo'),
('TH', 'Thailand'),
('TJ', 'Tajikistan'),
('TK', 'Tokelau'),
('TL', 'Timor-Leste'),
('TM', 'Turkmenistan'),
('TN', 'Tunisia'),
('TO', 'Tonga'),
('TR', 'Turkey'),
('TT', 'Trinidad and Tobago'),
('TV', 'Tuvalu'),
('TW', 'Taiwan, Province of China'),
('TZ', 'Tanzania, United Republic of'),
('UA', 'Ukraine'),
('UG', 'Uganda'),
('UM', 'United States Minor Outlying Islands'),
('US', 'United States'),
('UY', 'Uruguay'),
('UZ', 'Uzbekistan'),
('VE', 'Venezuela, Bolivarian Republic of'),
('VG', 'Virgin Islands, British'),
('VI', 'Virgin Islands, U.S.'),
('VN', 'Viet Nam'),
('VU', 'Vanuatu'),
('WS', 'Samoa'),
('YE', 'Yemen'),
('YT', 'Mayotte'),
('ZA', 'South Africa'),
('ZM', 'Zambia'),
('ZW', 'Zimbabwe');

-- --------------------------------------------------------

--
-- Table structure for table `fruit`
--

CREATE TABLE `fruit` (
  `ID` char(4) NOT NULL,
  `Name` varchar(20) NOT NULL,
  `type` varchar(20) NOT NULL,
  `unit` varchar(10) NOT NULL,
  `ImgName` varchar(30) NOT NULL,
  `FruitCityID` char(3) NOT NULL
) ENGINE=InnoDB DEFAULT CHARSET=utf8mb4 COLLATE=utf8mb4_general_ci;

--
-- Dumping data for table `fruit`
--

INSERT INTO `fruit` (`ID`, `Name`, `type`, `unit`, `ImgName`, `FruitCityID`) VALUES
('F001', 'Apple', 'Single Fruit', 'piece', 'F001_Apple.jpg', '001'),
('F002', 'Orange', 'Single Fruit', 'piece', 'F002_Orange.jpg', '001'),
('F003', 'Banana', 'Bunch Fruit', 'bunch', 'F003_Banana.jpg', '002'),
('F004', 'Mango', 'Single Fruit', 'piece', 'F004_Mango.jpg', '002'),
('F005', 'Grape', 'Berry', 'gram', 'F005_Grape.jpg', '003'),
('F006', 'Watermelon', 'Large Fruit', 'piece', 'F006_Watermelon.jpg', '003'),
('F007', 'Strawberry', 'Berry', 'gram', 'F007_Strawberry.jpg', '004'),
('F008', 'Pomegranate', 'Large Fruit', 'piece', 'F008_Pomegranate.jpg', '005');

-- --------------------------------------------------------

--
-- Table structure for table `fruit_city`
--

CREATE TABLE `fruit_city` (
  `ID` char(3) NOT NULL,
  `City` varchar(50) NOT NULL,
  `CountryRegionID` char(2) NOT NULL
) ENGINE=InnoDB DEFAULT CHARSET=utf8mb4 COLLATE=utf8mb4_general_ci;

--
-- Dumping data for table `fruit_city`
--

INSERT INTO `fruit_city` (`ID`, `City`, `CountryRegionID`) VALUES
('001', 'Toronto', 'CA'),
('002', 'Beijing', 'CN'),
('003', 'Vancouver', 'CA'),
('004', 'Guangzhou', 'CN'),
('005', 'Sydney', 'AU');

-- --------------------------------------------------------

--
-- Table structure for table `shop`
--

CREATE TABLE `shop` (
  `ID` char(4) NOT NULL,
  `Address` varchar(100) NOT NULL,
  `City` char(4) NOT NULL,
  `PhoneNumber` varchar(15) NOT NULL
) ENGINE=InnoDB DEFAULT CHARSET=utf8mb4 COLLATE=utf8mb4_general_ci;

--
-- Dumping data for table `shop`
--

INSERT INTO `shop` (`ID`, `Address`, `City`, `PhoneNumber`) VALUES
('S001', '1-1 Shibuya', 'C001', '+81312345678'),
('S002', '2-3 Ginza', 'C001', '+81398765432'),
('S003', '456 Minato', 'C002', '+81451234567'),
('S004', '789 Namba', 'C003', '+81612345678'),
('S005', '101 Umeda', 'C003', '+81698765432'),
('S006', '321 Nagoya Station', 'C004', '+81521234567'),
('S007', '654 Chuo', 'C005', '+81111234567'),
('S008', '987 Hakata', 'C006', '+81921234567'),
('S009', '123 Port Island', 'C007', '+81781234567'),
('S010', '456 Gion', 'C008', '+81751234567'),
('S011', '789 Shin-Kawasaki', 'C009', '+81441234567'),
('S012', '101 Omiya', 'C010', '+81481234567'),
('S013', '321 Peace Park', 'C011', '+81821234567'),
('S014', '654 Aoba', 'C012', '+81221234567'),
('S015', '987 Makuhari', 'C013', '+81431234567'),
('S016', '123 Moji', 'C014', '+81931234567'),
('S017', '456 Kurashiki', 'C015', '+81861234567'),
('S018', '789 Satsuma', 'C016', '+81961234567'),
('S019', '101 Shimizu', 'C017', '+81541234567'),
('S020', '321 Fukuroi', 'C018', '+81531234567'),
('S021', '654 Joetsu', 'C019', '+81251234567'),
('S022', '987 Kagoshima Chuo', 'C020', '+81991234567'),
('S023', '123 Times Square', 'C021', '+12125550123'),
('S024', '456 Broadway', 'C021', '+12125559876'),
('S025', '789 Hollywood Blvd', 'C022', '+13235550123'),
('S026', '101 Sunset Strip', 'C022', '+13235559876'),
('S027', '321 Michigan Ave', 'C023', '+13125550123'),
('S028', '654 Main St', 'C024', '+17135550123'),
('S029', '987 Camelback Rd', 'C025', '+16025550123'),
('S030', '123 Market St', 'C026', '+12155550123'),
('S031', '456 Alamo Plaza', 'C027', '+12105550123'),
('S032', '789 Gaslamp', 'C028', '+16195550123'),
('S033', '101 Elm St', 'C029', '+12145550123'),
('S034', '321 First St', 'C030', '+14085550123'),
('S035', '654 Congress Ave', 'C031', '+15125550123'),
('S036', '987 Riverside Dr', 'C032', '+19045550123'),
('S037', '123 Mission St', 'C033', '+14155550123'),
('S038', '456 High St', 'C034', '+16145550123'),
('S039', '789 Pike St', 'C035', '+12065550123'),
('S040', '101 16th St', 'C036', '+13035550123'),
('S041', '321 Tremont St', 'C037', '+16175550123'),
('S042', '654 Music Row', 'C038', '+16155550123'),
('S043', '987 Las Vegas Blvd', 'C039', '+17025550123'),
('S044', '123 Ocean Dr', 'C040', '+13055550123'),
('S045', '456 Biscayne Blvd', 'C040', '+13055559876'),
('S046', '10 Des Voeux Rd', 'C041', '+85221234567'),
('S047', '25 Queen\'s Rd', 'C041', '+85229876543'),
('S048', '50 Chai Wan Rd', 'C042', '+85225678901'),
('S049', '12 Repulse Bay Rd', 'C043', '+85228123456'),
('S050', '88 Hennessy Rd', 'C044', '+85228912345'),
('S051', '15 Nathan Rd', 'C045', '+85227123456'),
('S052', '30 Kwun Tong Rd', 'C046', '+85223456789'),
('S053', '45 Cheung Sha Wan Rd', 'C047', '+85227891234'),
('S054', '60 Wong Tai Sin Rd', 'C048', '+85223234567'),
('S055', '75 Mong Kok Rd', 'C049', '+85223876543'),
('S056', '90 Prince Edward Rd', 'C049', '+85223987654'),
('S057', '10 Tung Chung Rd', 'C050', '+85221098765'),
('S058', '25 Kwai Chung Rd', 'C051', '+85224234567'),
('S059', '40 Sheung Shui St', 'C052', '+85226789012'),
('S060', '55 Sai Kung Rd', 'C053', '+85227912345'),
('S061', '70 Sha Tin Centre St', 'C054', '+85226345678'),
('S062', '85 Tai Po Rd', 'C055', '+85226567890'),
('S063', '100 Tsuen Wan Market St', 'C056', '+85224901234'),
('S064', '115 Tuen Mun Heung Sze Wui Rd', 'C057', '+85224567890'),
('S065', '130 Yuen Long Main Rd', 'C058', '+85224789012'),
('S066', '500 Minato East', 'C002', '+81452345678'),
('S067', '12 Minato Central', 'C002', '+81453456789'),
('S068', '75 Nagoya Market', 'C004', '+81522345678'),
('S069', '150 Nagoya Downtown', 'C004', '+81523456789'),
('S070', '35 Chuo North', 'C005', '+81112345678'),
('S071', '89 Chuo Shopping', 'C005', '+81113456789'),
('S072', '42 Hakata East', 'C006', '+81922345678'),
('S073', '76 Hakata Central', 'C006', '+81923456789'),
('S074', '28 Port Island South', 'C007', '+81782345678'),
('S075', '90 Port Island Plaza', 'C007', '+81783456789'),
('S076', '15 Gion Historic', 'C008', '+81752345678'),
('S077', '60 Gion Market', 'C008', '+81753456789'),
('S078', '33 Kawasaki Commerce', 'C009', '+81442345678'),
('S079', '81 Kawasaki Plaza', 'C009', '+81443456789'),
('S080', '27 Omiya West', 'C010', '+81482345678'),
('S081', '93 Omiya Square', 'C010', '+81483456789'),
('S082', '45 Peace Avenue', 'C011', '+81822345678'),
('S083', '77 Peace Market', 'C011', '+81823456789'),
('S084', '22 Aoba Hills', 'C012', '+81222345678'),
('S085', '59 Aoba Plaza', 'C012', '+81223456789'),
('S086', '31 Makuhari View', 'C013', '+81432345678'),
('S087', '68 Makuhari Center', 'C013', '+81433456789'),
('S088', '42 Moji Harbor', 'C014', '+81932345678'),
('S089', '84 Moji Square', 'C014', '+81933456789'),
('S090', '19 Kurashiki Historic', 'C015', '+81862345678'),
('S091', '63 Kurashiki Center', 'C015', '+81863456789'),
('S092', '37 Satsuma Plaza', 'C016', '+81962345678'),
('S093', '82 Satsuma District', 'C016', '+81963456789'),
('S094', '25 Shimizu Port', 'C017', '+81542345678'),
('S095', '71 Shimizu View', 'C017', '+81543456789'),
('S096', '16 Fukuroi Center', 'C018', '+81532345678'),
('S097', '58 Fukuroi Plaza', 'C018', '+81533456789'),
('S098', '32 Joetsu Market', 'C019', '+81252345678'),
('S099', '74 Joetsu Square', 'C019', '+81253456789'),
('S100', '41 Kagoshima Bay', 'C020', '+81992345678'),
('S101', '85 Kagoshima Market', 'C020', '+81993456789'),
('S102', '27 Fifth Avenue', 'C021', '+12125551234'),
('S103', '56 Wilshire Blvd', 'C022', '+13235551234'),
('S104', '93 Rodeo Drive', 'C022', '+13235552345'),
('S105', '48 State Street', 'C023', '+13125551234'),
('S106', '72 Wacker Drive', 'C023', '+13125552345'),
('S107', '35 Houston Ave', 'C024', '+17135551234'),
('S108', '61 Westheimer Rd', 'C024', '+17135552345'),
('S109', '28 Phoenix Central', 'C025', '+16025551234'),
('S110', '54 Scottsdale Rd', 'C025', '+16025552345'),
('S111', '47 Chestnut St', 'C026', '+12155551234'),
('S112', '83 Walnut St', 'C026', '+12155552345'),
('S113', '39 San Antonio River', 'C027', '+12105551234'),
('S114', '65 San Antonio Plaza', 'C027', '+12105552345'),
('S115', '21 Balboa Park', 'C028', '+16195551234'),
('S116', '59 La Jolla', 'C028', '+16195552345'),
('S117', '36 Deep Ellum', 'C029', '+12145551234'),
('S118', '72 Uptown Dallas', 'C029', '+12145552345'),
('S119', '43 Santana Row', 'C030', '+14085551234'),
('S120', '67 San Jose Plaza', 'C030', '+14085552345'),
('S121', '29 South Congress', 'C031', '+15125551234'),
('S122', '51 Sixth Street', 'C031', '+15125552345'),
('S123', '18 Jacksonville Beach', 'C032', '+19045551234'),
('S124', '63 St Johns River', 'C032', '+19045552345'),
('S125', '44 Fisherman\'s Wharf', 'C033', '+14155551234'),
('S126', '79 Union Square', 'C033', '+14155552345'),
('S127', '33 Short North', 'C034', '+16145551234'),
('S128', '57 German Village', 'C034', '+16145552345'),
('S129', '26 Pike Place', 'C035', '+12065551234'),
('S130', '68 Seattle Center', 'C035', '+12065552345'),
('S131', '41 Denver Downtown', 'C036', '+13035551234'),
('S132', '75 Larimer Square', 'C036', '+13035552345'),
('S133', '32 Newbury St', 'C037', '+16175551234'),
('S134', '69 Faneuil Hall', 'C037', '+16175552345'),
('S135', '23 Broadway', 'C038', '+16155551234'),
('S136', '47 The Gulch', 'C038', '+16155552345'),
('S137', '38 The Strip Central', 'C039', '+17025551234'),
('S138', '62 Fremont Street', 'C039', '+17025552345'),
('S139', '17 South Beach', 'C040', '+13055551234'),
('S140', '14 Stone Road', 'C042', '+85225678902'),
('S141', '38 Chai Wan Street', 'C042', '+85225678903'),
('S142', '29 Island South', 'C043', '+85228123457'),
('S143', '55 Deep Water Bay', 'C043', '+85228123458'),
('S144', '31 Commerce Centre', 'C044', '+85228912346'),
('S145', '67 Convention Plaza', 'C044', '+85228912347'),
('S146', '26 Jordan Road', 'C045', '+85227123457'),
('S147', '52 Austin Road', 'C045', '+85227123458'),
('S148', '19 APM Plaza', 'C046', '+85223456790'),
('S149', '43 Millennium City', 'C046', '+85223456791'),
('S150', '28 Dragon Centre', 'C047', '+85227891235'),
('S151', '61 Golden Plaza', 'C047', '+85227891236'),
('S152', '37 Lion Rock Plaza', 'C048', '+85223234568'),
('S153', '72 Diamond Hill', 'C048', '+85223234569'),
('S154', '104 Ladies Market', 'C049', '+85223876544'),
('S155', '28 Islands Plaza', 'C050', '+85221098766'),
('S156', '53 Discovery Bay', 'C050', '+85221098767'),
('S157', '46 Maritime Square', 'C051', '+85224234568'),
('S158', '71 Container Port', 'C051', '+85224234569'),
('S159', '22 Landmark North', 'C052', '+85226789013'),
('S160', '49 Flora Plaza', 'C052', '+85226789014'),
('S161', '34 HKUST Road', 'C053', '+85227912346'),
('S162', '66 Beach Centre', 'C053', '+85227912347'),
('S163', '29 New Town Plaza', 'C054', '+85226345679'),
('S164', '57 City One', 'C054', '+85226345680'),
('S165', '42 Mega Mall', 'C055', '+85226567891'),
('S166', '73 Green Centre', 'C055', '+85226567892'),
('S167', '31 Discovery Park', 'C056', '+85224901235'),
('S168', '58 Citywalk', 'C056', '+85224901236'),
('S169', '44 V City', 'C057', '+85224567891'),
('S170', '79 Gold Coast', 'C057', '+85224567892'),
('S171', '25 Yoho Mall', 'C058', '+85224789013'),
('S172', '61 Landmark', 'C058', '+85224789014');

-- --------------------------------------------------------

--
-- Table structure for table `shop_borrow_request`
--

CREATE TABLE `shop_borrow_request` (
  `ID` char(4) NOT NULL,
  `RequestBy` char(4) NOT NULL,
  `RequestTo` char(4) NOT NULL,
  `RequestDate` date NOT NULL,
  `DeliveryDate` date DEFAULT NULL,
  `Status` varchar(15) NOT NULL,
  `Notes` varchar(200) DEFAULT NULL
) ENGINE=InnoDB DEFAULT CHARSET=utf8mb4 COLLATE=utf8mb4_general_ci;

-- --------------------------------------------------------

--
-- Table structure for table `shop_borrow_request_item`
--

CREATE TABLE `shop_borrow_request_item` (
  `BorrowRequestID` char(4) NOT NULL,
  `FruitID` char(4) NOT NULL,
  `Qty` int(5) NOT NULL
) ENGINE=InnoDB DEFAULT CHARSET=utf8mb4 COLLATE=utf8mb4_general_ci;

-- --------------------------------------------------------

--
-- Table structure for table `shop_city`
--

CREATE TABLE `shop_city` (
  `ID` char(4) NOT NULL,
  `City` varchar(40) NOT NULL,
  `CountryRegionID` char(2) NOT NULL
) ENGINE=InnoDB DEFAULT CHARSET=utf8mb4 COLLATE=utf8mb4_general_ci;

--
-- Dumping data for table `shop_city`
--

INSERT INTO `shop_city` (`ID`, `City`, `CountryRegionID`) VALUES
('C001', 'Tokyo', 'JP'),
('C002', 'Yokohama', 'JP'),
('C003', 'Osaka', 'JP'),
('C004', 'Nagoya', 'JP'),
('C005', 'Sapporo', 'JP'),
('C006', 'Fukuoka', 'JP'),
('C007', 'Kobe', 'JP'),
('C008', 'Kyoto', 'JP'),
('C009', 'Kawasaki', 'JP'),
('C010', 'Saitama', 'JP'),
('C011', 'Hiroshima', 'JP'),
('C012', 'Sendai', 'JP'),
('C013', 'Chiba', 'JP'),
('C014', 'Kitakyushu', 'JP'),
('C015', 'Okayama', 'JP'),
('C016', 'Kumamoto', 'JP'),
('C017', 'Shizuoka', 'JP'),
('C018', 'Hamamatsu', 'JP'),
('C019', 'Niigata', 'JP'),
('C020', 'Kagoshima', 'JP'),
('C021', 'New York', 'US'),
('C022', 'Los Angeles', 'US'),
('C023', 'Chicago', 'US'),
('C024', 'Houston', 'US'),
('C025', 'Phoenix', 'US'),
('C026', 'Philadelphia', 'US'),
('C027', 'San Antonio', 'US'),
('C028', 'San Diego', 'US'),
('C029', 'Dallas', 'US'),
('C030', 'San Jose', 'US'),
('C031', 'Austin', 'US'),
('C032', 'Jacksonville', 'US'),
('C033', 'San Francisco', 'US'),
('C034', 'Columbus', 'US'),
('C035', 'Seattle', 'US'),
('C036', 'Denver', 'US'),
('C037', 'Boston', 'US'),
('C038', 'Nashville', 'US'),
('C039', 'Las Vegas', 'US'),
('C040', 'Miami', 'US'),
('C041', 'Central and Western', 'HK'),
('C042', 'Eastern', 'HK'),
('C043', 'Southern', 'HK'),
('C044', 'Wan Chai', 'HK'),
('C045', 'Kowloon City', 'HK'),
('C046', 'Kwun Tong', 'HK'),
('C047', 'Sham Shui Po', 'HK'),
('C048', 'Wong Tai Sin', 'HK'),
('C049', 'Yau Tsim Mong', 'HK'),
('C050', 'Islands', 'HK'),
('C051', 'Kwai Tsing', 'HK'),
('C052', 'North', 'HK'),
('C053', 'Sai Kung', 'HK'),
('C054', 'Sha Tin', 'HK'),
('C055', 'Tai Po', 'HK'),
('C056', 'Tsuen Wan', 'HK'),
('C057', 'Tuen Mun', 'HK'),
('C058', 'Yuen Long', 'HK');

-- --------------------------------------------------------

--
-- Table structure for table `shop_fruit_order`
--

CREATE TABLE `shop_fruit_order` (
  `ID` char(5) NOT NULL,
  `ShopID` char(4) NOT NULL,
  `OrderDate` date NOT NULL,
  `DeliveryDate` date DEFAULT NULL,
  `Status` varchar(20) NOT NULL,
  `Notes` varchar(200) DEFAULT NULL
) ENGINE=InnoDB DEFAULT CHARSET=utf8mb4 COLLATE=utf8mb4_general_ci;

--
-- Dumping data for table `shop_fruit_order`
--

INSERT INTO `shop_fruit_order` (`ID`, `ShopID`, `OrderDate`, `DeliveryDate`, `Status`, `Notes`) VALUES
('O0001', 'S023', '2025-02-12', NULL, 'Finished', ''),
('O0002', 'S102', '2025-02-04', NULL, 'Finished', ''),
('O0003', 'S024', '2025-02-10', NULL, 'Finished', ''),
('O0004', 'S023', '2025-02-20', NULL, 'Finished', ''),
('O0005', 'S024', '2025-02-27', NULL, 'Finished', ''),
('O0006', 'S102', '2025-02-25', NULL, 'Finished', ''),
('O0007', 'S023', '2025-03-12', NULL, 'Finished', ''),
('O0008', 'S024', '2025-03-07', NULL, 'Finished', ''),
('O0009', 'S102', '2025-03-09', NULL, 'Finished', ''),
('O0010', 'S023', '2025-03-21', NULL, 'Finished', ''),
('O0011', 'S024', '2025-03-24', NULL, 'Finished', ''),
('O0012', 'S102', '2025-03-30', NULL, 'Finished', ''),
('O0013', 'S023', '2025-04-02', NULL, 'Finished', ''),
('O0014', 'S024', '2025-04-09', NULL, 'Finished', ''),
('O0015', 'S102', '2025-04-12', NULL, 'Finished', ''),
('O0016', 'S023', '2025-04-15', NULL, 'Pending', ''),
('O0017', 'S024', '2025-04-15', NULL, 'Pending', ''),
('O0018', 'S102', '2025-04-15', NULL, 'Pending', '');

-- --------------------------------------------------------

--
-- Table structure for table `shop_fruit_order_item`
--

CREATE TABLE `shop_fruit_order_item` (
  `OrderID` char(5) NOT NULL,
  `FruitID` char(4) NOT NULL,
  `Qty` int(5) NOT NULL
) ENGINE=InnoDB DEFAULT CHARSET=utf8mb4 COLLATE=utf8mb4_general_ci;

--
-- Dumping data for table `shop_fruit_order_item`
--

INSERT INTO `shop_fruit_order_item` (`OrderID`, `FruitID`, `Qty`) VALUES
('O0001', 'F001', 10),
('O0001', 'F003', 12),
('O0001', 'F005', 19),
('O0001', 'F007', 55),
('O0002', 'F002', 35),
('O0002', 'F003', 343),
('O0002', 'F005', 54),
('O0002', 'F008', 7),
('O0003', 'F001', 66),
('O0003', 'F005', 124),
('O0003', 'F006', 234),
('O0003', 'F007', 55),
('O0004', 'F001', 53),
('O0004', 'F004', 77),
('O0004', 'F005', 6),
('O0004', 'F006', 236),
('O0004', 'F007', 23),
('O0004', 'F008', 4),
('O0005', 'F001', 66),
('O0005', 'F003', 53),
('O0005', 'F005', 234),
('O0005', 'F007', 123),
('O0005', 'F008', 45),
('O0006', 'F002', 55),
('O0006', 'F004', 78),
('O0006', 'F005', 123),
('O0006', 'F007', 123),
('O0006', 'F008', 123),
('O0007', 'F005', 34),
('O0007', 'F006', 234),
('O0007', 'F007', 1),
('O0008', 'F002', 1),
('O0009', 'F007', 66),
('O0010', 'F001', 1),
('O0011', 'F001', 1),
('O0012', 'F001', 1),
('O0013', 'F001', 1),
('O0014', 'F001', 1),
('O0015', 'F001', 1),
('O0016', 'F002', 1),
('O0017', 'F002', 1),
('O0018', 'F003', 1);

-- --------------------------------------------------------

--
-- Table structure for table `shop_fruit_stock`
--

CREATE TABLE `shop_fruit_stock` (
  `ShopID` char(4) NOT NULL,
  `FruitID` char(4) NOT NULL,
  `Qty` int(5) NOT NULL
) ENGINE=InnoDB DEFAULT CHARSET=utf8mb4 COLLATE=utf8mb4_general_ci;

--
-- Dumping data for table `shop_fruit_stock`
--

INSERT INTO `shop_fruit_stock` (`ShopID`, `FruitID`, `Qty`) VALUES
('S001', 'F001', 40),
('S001', 'F002', 7),
('S001', 'F003', 113),
('S001', 'F004', 144),
('S001', 'F005', 68),
('S001', 'F006', 137),
('S001', 'F007', 1),
('S001', 'F008', 20),
('S002', 'F001', 141),
('S002', 'F002', 8),
('S002', 'F003', 20),
('S002', 'F004', 73),
('S002', 'F005', 98),
('S002', 'F006', 32),
('S002', 'F007', 178),
('S002', 'F008', 105),
('S003', 'F001', 150),
('S003', 'F002', 92),
('S003', 'F003', 11),
('S003', 'F004', 176),
('S003', 'F005', 102),
('S003', 'F006', 187),
('S003', 'F007', 173),
('S003', 'F008', 106),
('S004', 'F001', 160),
('S004', 'F002', 162),
('S004', 'F003', 127),
('S004', 'F004', 151),
('S004', 'F005', 1),
('S004', 'F006', 127),
('S004', 'F007', 91),
('S004', 'F008', 131),
('S005', 'F001', 116),
('S005', 'F002', 146),
('S005', 'F003', 183),
('S005', 'F004', 75),
('S005', 'F005', 112),
('S005', 'F006', 71),
('S005', 'F007', 76),
('S005', 'F008', 166),
('S006', 'F001', 141),
('S006', 'F002', 51),
('S006', 'F003', 33),
('S006', 'F004', 10),
('S006', 'F005', 133),
('S006', 'F006', 24),
('S006', 'F007', 6),
('S006', 'F008', 175),
('S007', 'F001', 182),
('S007', 'F002', 108),
('S007', 'F003', 190),
('S007', 'F004', 26),
('S007', 'F005', 127),
('S007', 'F006', 35),
('S007', 'F007', 152),
('S007', 'F008', 167),
('S008', 'F001', 188),
('S008', 'F002', 12),
('S008', 'F003', 94),
('S008', 'F004', 36),
('S008', 'F005', 164),
('S008', 'F006', 87),
('S008', 'F007', 137),
('S008', 'F008', 69),
('S009', 'F001', 22),
('S009', 'F002', 114),
('S009', 'F003', 107),
('S009', 'F004', 192),
('S009', 'F005', 15),
('S009', 'F006', 26),
('S009', 'F007', 160),
('S009', 'F008', 6),
('S010', 'F001', 149),
('S010', 'F002', 145),
('S010', 'F003', 78),
('S010', 'F004', 154),
('S010', 'F005', 24),
('S010', 'F006', 111),
('S010', 'F007', 105),
('S010', 'F008', 47),
('S011', 'F001', 139),
('S011', 'F002', 184),
('S011', 'F003', 101),
('S011', 'F004', 153),
('S011', 'F005', 40),
('S011', 'F006', 136),
('S011', 'F007', 20),
('S011', 'F008', 32),
('S012', 'F001', 28),
('S012', 'F002', 91),
('S012', 'F003', 170),
('S012', 'F004', 175),
('S012', 'F005', 104),
('S012', 'F006', 3),
('S012', 'F007', 22),
('S012', 'F008', 8),
('S013', 'F001', 20),
('S013', 'F002', 150),
('S013', 'F003', 92),
('S013', 'F004', 7),
('S013', 'F005', 171),
('S013', 'F006', 155),
('S013', 'F007', 179),
('S013', 'F008', 48),
('S014', 'F001', 76),
('S014', 'F002', 185),
('S014', 'F003', 94),
('S014', 'F004', 114),
('S014', 'F005', 97),
('S014', 'F006', 164),
('S014', 'F007', 23),
('S014', 'F008', 136),
('S015', 'F001', 137),
('S015', 'F002', 174),
('S015', 'F003', 58),
('S015', 'F004', 169),
('S015', 'F005', 40),
('S015', 'F006', 78),
('S015', 'F007', 191),
('S015', 'F008', 81),
('S016', 'F001', 82),
('S016', 'F002', 22),
('S016', 'F003', 62),
('S016', 'F004', 42),
('S016', 'F005', 6),
('S016', 'F006', 107),
('S016', 'F007', 150),
('S016', 'F008', 4),
('S017', 'F001', 52),
('S017', 'F002', 4),
('S017', 'F003', 62),
('S017', 'F004', 96),
('S017', 'F005', 192),
('S017', 'F006', 119),
('S017', 'F007', 70),
('S017', 'F008', 8),
('S018', 'F001', 102),
('S018', 'F002', 90),
('S018', 'F003', 142),
('S018', 'F004', 42),
('S018', 'F005', 177),
('S018', 'F006', 163),
('S018', 'F007', 144),
('S018', 'F008', 117),
('S019', 'F001', 132),
('S019', 'F002', 39),
('S019', 'F003', 199),
('S019', 'F004', 78),
('S019', 'F005', 121),
('S019', 'F006', 193),
('S019', 'F007', 33),
('S019', 'F008', 76),
('S020', 'F001', 152),
('S020', 'F002', 178),
('S020', 'F003', 32),
('S020', 'F004', 28),
('S020', 'F005', 124),
('S020', 'F006', 148),
('S020', 'F007', 95),
('S020', 'F008', 119),
('S021', 'F001', 186),
('S021', 'F002', 89),
('S021', 'F003', 86),
('S021', 'F004', 161),
('S021', 'F005', 54),
('S021', 'F006', 8),
('S021', 'F007', 28),
('S021', 'F008', 115),
('S022', 'F001', 103),
('S022', 'F002', 173),
('S022', 'F003', 156),
('S022', 'F004', 62),
('S022', 'F005', 15),
('S022', 'F006', 145),
('S022', 'F007', 154),
('S022', 'F008', 156),
('S023', 'F001', 99),
('S023', 'F002', 5),
('S023', 'F003', 127),
('S023', 'F004', 19),
('S023', 'F005', 106),
('S023', 'F006', 147),
('S023', 'F007', 190),
('S023', 'F008', 154),
('S024', 'F001', 75),
('S024', 'F002', 126),
('S024', 'F003', 3),
('S024', 'F004', 38),
('S024', 'F005', 179),
('S024', 'F006', 77),
('S024', 'F007', 161),
('S024', 'F008', 23),
('S025', 'F001', 92),
('S025', 'F002', 2),
('S025', 'F003', 136),
('S025', 'F004', 74),
('S025', 'F005', 180),
('S025', 'F006', 26),
('S025', 'F007', 20),
('S025', 'F008', 148),
('S026', 'F001', 181),
('S026', 'F002', 102),
('S026', 'F003', 168),
('S026', 'F004', 130),
('S026', 'F005', 139),
('S026', 'F006', 180),
('S026', 'F007', 59),
('S026', 'F008', 61),
('S027', 'F001', 166),
('S027', 'F002', 128),
('S027', 'F003', 139),
('S027', 'F004', 113),
('S027', 'F005', 198),
('S027', 'F006', 55),
('S027', 'F007', 148),
('S027', 'F008', 189),
('S028', 'F001', 100),
('S028', 'F002', 29),
('S028', 'F003', 46),
('S028', 'F004', 142),
('S028', 'F005', 30),
('S028', 'F006', 159),
('S028', 'F007', 34),
('S028', 'F008', 126),
('S029', 'F001', 31),
('S029', 'F002', 26),
('S029', 'F003', 34),
('S029', 'F004', 90),
('S029', 'F005', 80),
('S029', 'F006', 54),
('S029', 'F007', 147),
('S029', 'F008', 141),
('S030', 'F001', 127),
('S030', 'F002', 25),
('S030', 'F003', 141),
('S030', 'F004', 31),
('S030', 'F005', 163),
('S030', 'F006', 132),
('S030', 'F007', 22),
('S030', 'F008', 162),
('S031', 'F001', 44),
('S031', 'F002', 171),
('S031', 'F003', 121),
('S031', 'F004', 94),
('S031', 'F005', 52),
('S031', 'F006', 148),
('S031', 'F007', 138),
('S031', 'F008', 141),
('S032', 'F001', 100),
('S032', 'F002', 77),
('S032', 'F003', 84),
('S032', 'F004', 187),
('S032', 'F005', 65),
('S032', 'F006', 119),
('S032', 'F007', 68),
('S032', 'F008', 140),
('S033', 'F001', 186),
('S033', 'F002', 79),
('S033', 'F003', 37),
('S033', 'F004', 145),
('S033', 'F005', 39),
('S033', 'F006', 65),
('S033', 'F007', 149),
('S033', 'F008', 166),
('S034', 'F001', 178),
('S034', 'F002', 28),
('S034', 'F003', 3),
('S034', 'F004', 133),
('S034', 'F005', 75),
('S034', 'F006', 190),
('S034', 'F007', 10),
('S034', 'F008', 14),
('S035', 'F001', 38),
('S035', 'F002', 10),
('S035', 'F003', 136),
('S035', 'F004', 49),
('S035', 'F005', 38),
('S035', 'F006', 90),
('S035', 'F007', 78),
('S035', 'F008', 172),
('S036', 'F001', 156),
('S036', 'F002', 15),
('S036', 'F003', 5),
('S036', 'F004', 179),
('S036', 'F005', 55),
('S036', 'F006', 116),
('S036', 'F007', 40),
('S036', 'F008', 94),
('S037', 'F001', 47),
('S037', 'F002', 34),
('S037', 'F003', 29),
('S037', 'F004', 43),
('S037', 'F005', 95),
('S037', 'F006', 82),
('S037', 'F007', 101),
('S037', 'F008', 146),
('S038', 'F001', 31),
('S038', 'F002', 51),
('S038', 'F003', 160),
('S038', 'F004', 48),
('S038', 'F005', 39),
('S038', 'F006', 177),
('S038', 'F007', 126),
('S038', 'F008', 180),
('S039', 'F001', 25),
('S039', 'F002', 199),
('S039', 'F003', 119),
('S039', 'F004', 197),
('S039', 'F005', 154),
('S039', 'F006', 23),
('S039', 'F007', 80),
('S039', 'F008', 80),
('S040', 'F001', 74),
('S040', 'F002', 103),
('S040', 'F003', 95),
('S040', 'F004', 163),
('S040', 'F005', 169),
('S040', 'F006', 78),
('S040', 'F007', 51),
('S040', 'F008', 102),
('S041', 'F001', 86),
('S041', 'F002', 122),
('S041', 'F003', 152),
('S041', 'F004', 194),
('S041', 'F005', 178),
('S041', 'F006', 19),
('S041', 'F007', 153),
('S041', 'F008', 95),
('S042', 'F001', 110),
('S042', 'F002', 163),
('S042', 'F003', 83),
('S042', 'F004', 128),
('S042', 'F005', 158),
('S042', 'F006', 117),
('S042', 'F007', 23),
('S042', 'F008', 17),
('S043', 'F001', 131),
('S043', 'F002', 138),
('S043', 'F003', 96),
('S043', 'F004', 65),
('S043', 'F005', 189),
('S043', 'F006', 184),
('S043', 'F007', 36),
('S043', 'F008', 6),
('S044', 'F001', 114),
('S044', 'F002', 20),
('S044', 'F003', 160),
('S044', 'F004', 138),
('S044', 'F005', 39),
('S044', 'F006', 191),
('S044', 'F007', 160),
('S044', 'F008', 167),
('S045', 'F001', 71),
('S045', 'F002', 28),
('S045', 'F003', 127),
('S045', 'F004', 150),
('S045', 'F005', 189),
('S045', 'F006', 11),
('S045', 'F007', 43),
('S045', 'F008', 152),
('S046', 'F001', 124),
('S046', 'F002', 57),
('S046', 'F003', 113),
('S046', 'F004', 194),
('S046', 'F005', 173),
('S046', 'F006', 45),
('S046', 'F007', 172),
('S046', 'F008', 47),
('S047', 'F001', 168),
('S047', 'F002', 24),
('S047', 'F003', 16),
('S047', 'F004', 7),
('S047', 'F005', 104),
('S047', 'F006', 130),
('S047', 'F007', 165),
('S047', 'F008', 82),
('S048', 'F001', 140),
('S048', 'F002', 16),
('S048', 'F003', 60),
('S048', 'F004', 52),
('S048', 'F005', 40),
('S048', 'F006', 160),
('S048', 'F007', 160),
('S048', 'F008', 101),
('S049', 'F001', 142),
('S049', 'F002', 138),
('S049', 'F003', 64),
('S049', 'F004', 105),
('S049', 'F005', 151),
('S049', 'F006', 71),
('S049', 'F007', 153),
('S049', 'F008', 70),
('S050', 'F001', 139),
('S050', 'F002', 39),
('S050', 'F003', 177),
('S050', 'F004', 166),
('S050', 'F005', 1),
('S050', 'F006', 139),
('S050', 'F007', 105),
('S050', 'F008', 34),
('S051', 'F001', 122),
('S051', 'F002', 141),
('S051', 'F003', 139),
('S051', 'F004', 71),
('S051', 'F005', 81),
('S051', 'F006', 101),
('S051', 'F007', 186),
('S051', 'F008', 162),
('S052', 'F001', 69),
('S052', 'F002', 153),
('S052', 'F003', 156),
('S052', 'F004', 120),
('S052', 'F005', 105),
('S052', 'F006', 37),
('S052', 'F007', 125),
('S052', 'F008', 102),
('S053', 'F001', 33),
('S053', 'F002', 88),
('S053', 'F003', 142),
('S053', 'F004', 42),
('S053', 'F005', 200),
('S053', 'F006', 178),
('S053', 'F007', 41),
('S053', 'F008', 163),
('S054', 'F001', 85),
('S054', 'F002', 62),
('S054', 'F003', 56),
('S054', 'F004', 94),
('S054', 'F005', 15),
('S054', 'F006', 127),
('S054', 'F007', 178),
('S054', 'F008', 86),
('S055', 'F001', 178),
('S055', 'F002', 20),
('S055', 'F003', 164),
('S055', 'F004', 160),
('S055', 'F005', 48),
('S055', 'F006', 95),
('S055', 'F007', 125),
('S055', 'F008', 200),
('S056', 'F001', 162),
('S056', 'F002', 74),
('S056', 'F003', 84),
('S056', 'F004', 197),
('S056', 'F005', 80),
('S056', 'F006', 148),
('S056', 'F007', 194),
('S056', 'F008', 91),
('S057', 'F001', 8),
('S057', 'F002', 35),
('S057', 'F003', 153),
('S057', 'F004', 59),
('S057', 'F005', 194),
('S057', 'F006', 71),
('S057', 'F007', 69),
('S057', 'F008', 198),
('S058', 'F001', 150),
('S058', 'F002', 165),
('S058', 'F003', 174),
('S058', 'F004', 175),
('S058', 'F005', 36),
('S058', 'F006', 46),
('S058', 'F007', 123),
('S058', 'F008', 177),
('S059', 'F001', 170),
('S059', 'F002', 40),
('S059', 'F003', 90),
('S059', 'F004', 129),
('S059', 'F005', 75),
('S059', 'F006', 175),
('S059', 'F007', 59),
('S059', 'F008', 152),
('S060', 'F001', 111),
('S060', 'F002', 92),
('S060', 'F003', 124),
('S060', 'F004', 144),
('S060', 'F005', 104),
('S060', 'F006', 163),
('S060', 'F007', 78),
('S060', 'F008', 28),
('S061', 'F001', 198),
('S061', 'F002', 27),
('S061', 'F003', 144),
('S061', 'F004', 38),
('S061', 'F005', 68),
('S061', 'F006', 194),
('S061', 'F007', 70),
('S061', 'F008', 27),
('S062', 'F001', 194),
('S062', 'F002', 99),
('S062', 'F003', 114),
('S062', 'F004', 73),
('S062', 'F005', 82),
('S062', 'F006', 174),
('S062', 'F007', 149),
('S062', 'F008', 72),
('S063', 'F001', 168),
('S063', 'F002', 160),
('S063', 'F003', 97),
('S063', 'F004', 5),
('S063', 'F005', 51),
('S063', 'F006', 90),
('S063', 'F007', 56),
('S063', 'F008', 144),
('S064', 'F001', 126),
('S064', 'F002', 35),
('S064', 'F003', 193),
('S064', 'F004', 61),
('S064', 'F005', 40),
('S064', 'F006', 60),
('S064', 'F007', 27),
('S064', 'F008', 79),
('S065', 'F001', 32),
('S065', 'F002', 171),
('S065', 'F003', 157),
('S065', 'F004', 72),
('S065', 'F005', 27),
('S065', 'F006', 5),
('S065', 'F007', 70),
('S065', 'F008', 31),
('S066', 'F001', 177),
('S066', 'F002', 73),
('S066', 'F003', 34),
('S066', 'F004', 146),
('S066', 'F005', 126),
('S066', 'F006', 60),
('S066', 'F007', 131),
('S066', 'F008', 120),
('S067', 'F001', 13),
('S067', 'F002', 149),
('S067', 'F003', 111),
('S067', 'F004', 106),
('S067', 'F005', 76),
('S067', 'F006', 173),
('S067', 'F007', 183),
('S067', 'F008', 26),
('S068', 'F001', 186),
('S068', 'F002', 183),
('S068', 'F003', 160),
('S068', 'F004', 50),
('S068', 'F005', 91),
('S068', 'F006', 25),
('S068', 'F007', 151),
('S068', 'F008', 46),
('S069', 'F001', 17),
('S069', 'F002', 138),
('S069', 'F003', 44),
('S069', 'F004', 4),
('S069', 'F005', 17),
('S069', 'F006', 35),
('S069', 'F007', 28),
('S069', 'F008', 97),
('S070', 'F001', 186),
('S070', 'F002', 86),
('S070', 'F003', 71),
('S070', 'F004', 95),
('S070', 'F005', 25),
('S070', 'F006', 88),
('S070', 'F007', 137),
('S070', 'F008', 35),
('S071', 'F001', 111),
('S071', 'F002', 127),
('S071', 'F003', 101),
('S071', 'F004', 122),
('S071', 'F005', 174),
('S071', 'F006', 26),
('S071', 'F007', 150),
('S071', 'F008', 35),
('S072', 'F001', 39),
('S072', 'F002', 55),
('S072', 'F003', 158),
('S072', 'F004', 29),
('S072', 'F005', 54),
('S072', 'F006', 83),
('S072', 'F007', 64),
('S072', 'F008', 149),
('S073', 'F001', 40),
('S073', 'F002', 82),
('S073', 'F003', 91),
('S073', 'F004', 10),
('S073', 'F005', 52),
('S073', 'F006', 82),
('S073', 'F007', 130),
('S073', 'F008', 167),
('S074', 'F001', 146),
('S074', 'F002', 139),
('S074', 'F003', 55),
('S074', 'F004', 58),
('S074', 'F005', 42),
('S074', 'F006', 102),
('S074', 'F007', 41),
('S074', 'F008', 138),
('S075', 'F001', 31),
('S075', 'F002', 157),
('S075', 'F003', 97),
('S075', 'F004', 10),
('S075', 'F005', 163),
('S075', 'F006', 191),
('S075', 'F007', 140),
('S075', 'F008', 37),
('S076', 'F001', 195),
('S076', 'F002', 125),
('S076', 'F003', 38),
('S076', 'F004', 17),
('S076', 'F005', 188),
('S076', 'F006', 147),
('S076', 'F007', 39),
('S076', 'F008', 168),
('S077', 'F001', 185),
('S077', 'F002', 137),
('S077', 'F003', 129),
('S077', 'F004', 35),
('S077', 'F005', 34),
('S077', 'F006', 152),
('S077', 'F007', 3),
('S077', 'F008', 177),
('S078', 'F001', 178),
('S078', 'F002', 119),
('S078', 'F003', 60),
('S078', 'F004', 142),
('S078', 'F005', 38),
('S078', 'F006', 157),
('S078', 'F007', 188),
('S078', 'F008', 59),
('S079', 'F001', 136),
('S079', 'F002', 58),
('S079', 'F003', 79),
('S079', 'F004', 23),
('S079', 'F005', 103),
('S079', 'F006', 75),
('S079', 'F007', 94),
('S079', 'F008', 116),
('S080', 'F001', 175),
('S080', 'F002', 189),
('S080', 'F003', 21),
('S080', 'F004', 134),
('S080', 'F005', 41),
('S080', 'F006', 6),
('S080', 'F007', 177),
('S080', 'F008', 59),
('S081', 'F001', 171),
('S081', 'F002', 107),
('S081', 'F003', 22),
('S081', 'F004', 186),
('S081', 'F005', 177),
('S081', 'F006', 168),
('S081', 'F007', 86),
('S081', 'F008', 136),
('S082', 'F001', 52),
('S082', 'F002', 37),
('S082', 'F003', 27),
('S082', 'F004', 25),
('S082', 'F005', 137),
('S082', 'F006', 169),
('S082', 'F007', 161),
('S082', 'F008', 43),
('S083', 'F001', 198),
('S083', 'F002', 169),
('S083', 'F003', 53),
('S083', 'F004', 154),
('S083', 'F005', 12),
('S083', 'F006', 36),
('S083', 'F007', 13),
('S083', 'F008', 150),
('S084', 'F001', 167),
('S084', 'F002', 146),
('S084', 'F003', 31),
('S084', 'F004', 112),
('S084', 'F005', 1),
('S084', 'F006', 36),
('S084', 'F007', 1),
('S084', 'F008', 153),
('S085', 'F001', 181),
('S085', 'F002', 128),
('S085', 'F003', 97),
('S085', 'F004', 98),
('S085', 'F005', 105),
('S085', 'F006', 122),
('S085', 'F007', 124),
('S085', 'F008', 77),
('S086', 'F001', 84),
('S086', 'F002', 23),
('S086', 'F003', 60),
('S086', 'F004', 32),
('S086', 'F005', 5),
('S086', 'F006', 25),
('S086', 'F007', 84),
('S086', 'F008', 162),
('S087', 'F001', 79),
('S087', 'F002', 61),
('S087', 'F003', 70),
('S087', 'F004', 167),
('S087', 'F005', 23),
('S087', 'F006', 183),
('S087', 'F007', 38),
('S087', 'F008', 77),
('S088', 'F001', 41),
('S088', 'F002', 166),
('S088', 'F003', 106),
('S088', 'F004', 34),
('S088', 'F005', 145),
('S088', 'F006', 156),
('S088', 'F007', 179),
('S088', 'F008', 164),
('S089', 'F001', 138),
('S089', 'F002', 164),
('S089', 'F003', 8),
('S089', 'F004', 146),
('S089', 'F005', 98),
('S089', 'F006', 145),
('S089', 'F007', 166),
('S089', 'F008', 35),
('S090', 'F001', 167),
('S090', 'F002', 4),
('S090', 'F003', 115),
('S090', 'F004', 166),
('S090', 'F005', 134),
('S090', 'F006', 157),
('S090', 'F007', 12),
('S090', 'F008', 180),
('S091', 'F001', 49),
('S091', 'F002', 113),
('S091', 'F003', 17),
('S091', 'F004', 143),
('S091', 'F005', 108),
('S091', 'F006', 126),
('S091', 'F007', 139),
('S091', 'F008', 26),
('S092', 'F001', 50),
('S092', 'F002', 8),
('S092', 'F003', 89),
('S092', 'F004', 21),
('S092', 'F005', 122),
('S092', 'F006', 119),
('S092', 'F007', 102),
('S092', 'F008', 45),
('S093', 'F001', 162),
('S093', 'F002', 129),
('S093', 'F003', 160),
('S093', 'F004', 13),
('S093', 'F005', 76),
('S093', 'F006', 45),
('S093', 'F007', 31),
('S093', 'F008', 62),
('S094', 'F001', 111),
('S094', 'F002', 37),
('S094', 'F003', 53),
('S094', 'F004', 153),
('S094', 'F005', 182),
('S094', 'F006', 68),
('S094', 'F007', 88),
('S094', 'F008', 156),
('S095', 'F001', 76),
('S095', 'F002', 68),
('S095', 'F003', 110),
('S095', 'F004', 145),
('S095', 'F005', 152),
('S095', 'F006', 15),
('S095', 'F007', 169),
('S095', 'F008', 134),
('S096', 'F001', 115),
('S096', 'F002', 82),
('S096', 'F003', 64),
('S096', 'F004', 74),
('S096', 'F005', 61),
('S096', 'F006', 162),
('S096', 'F007', 173),
('S096', 'F008', 179),
('S097', 'F001', 176),
('S097', 'F002', 189),
('S097', 'F003', 18),
('S097', 'F004', 121),
('S097', 'F005', 194),
('S097', 'F006', 185),
('S097', 'F007', 118),
('S097', 'F008', 134),
('S098', 'F001', 119),
('S098', 'F002', 96),
('S098', 'F003', 120),
('S098', 'F004', 115),
('S098', 'F005', 135),
('S098', 'F006', 106),
('S098', 'F007', 26),
('S098', 'F008', 112),
('S099', 'F001', 96),
('S099', 'F002', 37),
('S099', 'F003', 96),
('S099', 'F004', 170),
('S099', 'F005', 113),
('S099', 'F006', 182),
('S099', 'F007', 72),
('S099', 'F008', 188),
('S100', 'F001', 39),
('S100', 'F002', 37),
('S100', 'F003', 70),
('S100', 'F004', 39),
('S100', 'F005', 198),
('S100', 'F006', 123),
('S100', 'F007', 44),
('S100', 'F008', 69),
('S101', 'F001', 81),
('S101', 'F002', 31),
('S101', 'F003', 110),
('S101', 'F004', 58),
('S101', 'F005', 23),
('S101', 'F006', 176),
('S101', 'F007', 37),
('S101', 'F008', 130),
('S102', 'F001', 31),
('S102', 'F002', 146),
('S102', 'F003', 38),
('S102', 'F004', 151),
('S102', 'F005', 159),
('S102', 'F006', 129),
('S102', 'F007', 68),
('S102', 'F008', 142),
('S103', 'F001', 138),
('S103', 'F002', 187),
('S103', 'F003', 122),
('S103', 'F004', 49),
('S103', 'F005', 36),
('S103', 'F006', 78),
('S103', 'F007', 150),
('S103', 'F008', 39),
('S104', 'F001', 16),
('S104', 'F002', 129),
('S104', 'F003', 199),
('S104', 'F004', 11),
('S104', 'F005', 41),
('S104', 'F006', 40),
('S104', 'F007', 38),
('S104', 'F008', 71),
('S105', 'F001', 135),
('S105', 'F002', 122),
('S105', 'F003', 8),
('S105', 'F004', 71),
('S105', 'F005', 48),
('S105', 'F006', 95),
('S105', 'F007', 41),
('S105', 'F008', 72),
('S106', 'F001', 125),
('S106', 'F002', 25),
('S106', 'F003', 146),
('S106', 'F004', 56),
('S106', 'F005', 47),
('S106', 'F006', 75),
('S106', 'F007', 103),
('S106', 'F008', 2),
('S107', 'F001', 169),
('S107', 'F002', 199),
('S107', 'F003', 89),
('S107', 'F004', 48),
('S107', 'F005', 112),
('S107', 'F006', 17),
('S107', 'F007', 47),
('S107', 'F008', 169),
('S108', 'F001', 107),
('S108', 'F002', 121),
('S108', 'F003', 84),
('S108', 'F004', 58),
('S108', 'F005', 4),
('S108', 'F006', 124),
('S108', 'F007', 111),
('S108', 'F008', 84),
('S109', 'F001', 58),
('S109', 'F002', 150),
('S109', 'F003', 177),
('S109', 'F004', 38),
('S109', 'F005', 165),
('S109', 'F006', 35),
('S109', 'F007', 59),
('S109', 'F008', 174),
('S110', 'F001', 125),
('S110', 'F002', 82),
('S110', 'F003', 33),
('S110', 'F004', 120),
('S110', 'F005', 138),
('S110', 'F006', 174),
('S110', 'F007', 191),
('S110', 'F008', 40),
('S111', 'F001', 189),
('S111', 'F002', 96),
('S111', 'F003', 110),
('S111', 'F004', 65),
('S111', 'F005', 173),
('S111', 'F006', 40),
('S111', 'F007', 84),
('S111', 'F008', 92),
('S112', 'F001', 174),
('S112', 'F002', 147),
('S112', 'F003', 14),
('S112', 'F004', 27),
('S112', 'F005', 181),
('S112', 'F006', 109),
('S112', 'F007', 31),
('S112', 'F008', 146),
('S113', 'F001', 182),
('S113', 'F002', 79),
('S113', 'F003', 50),
('S113', 'F004', 10),
('S113', 'F005', 72),
('S113', 'F006', 107),
('S113', 'F007', 58),
('S113', 'F008', 20),
('S114', 'F001', 125),
('S114', 'F002', 14),
('S114', 'F003', 90),
('S114', 'F004', 9),
('S114', 'F005', 35),
('S114', 'F006', 68),
('S114', 'F007', 60),
('S114', 'F008', 189),
('S115', 'F001', 118),
('S115', 'F002', 35),
('S115', 'F003', 20),
('S115', 'F004', 192),
('S115', 'F005', 143),
('S115', 'F006', 176),
('S115', 'F007', 6),
('S115', 'F008', 126),
('S116', 'F001', 104),
('S116', 'F002', 105),
('S116', 'F003', 17),
('S116', 'F004', 166),
('S116', 'F005', 20),
('S116', 'F006', 173),
('S116', 'F007', 147),
('S116', 'F008', 17),
('S117', 'F001', 115),
('S117', 'F002', 19),
('S117', 'F003', 148),
('S117', 'F004', 87),
('S117', 'F005', 83),
('S117', 'F006', 156),
('S117', 'F007', 48),
('S117', 'F008', 84),
('S118', 'F001', 127),
('S118', 'F002', 81),
('S118', 'F003', 23),
('S118', 'F004', 70),
('S118', 'F005', 9),
('S118', 'F006', 135),
('S118', 'F007', 191),
('S118', 'F008', 75),
('S119', 'F001', 106),
('S119', 'F002', 58),
('S119', 'F003', 171),
('S119', 'F004', 84),
('S119', 'F005', 70),
('S119', 'F006', 53),
('S119', 'F007', 35),
('S119', 'F008', 74),
('S120', 'F001', 100),
('S120', 'F002', 103),
('S120', 'F003', 12),
('S120', 'F004', 152),
('S120', 'F005', 167),
('S120', 'F006', 17),
('S120', 'F007', 63),
('S120', 'F008', 151),
('S121', 'F001', 134),
('S121', 'F002', 170),
('S121', 'F003', 46),
('S121', 'F004', 118),
('S121', 'F005', 114),
('S121', 'F006', 13),
('S121', 'F007', 8),
('S121', 'F008', 137),
('S122', 'F001', 193),
('S122', 'F002', 53),
('S122', 'F003', 86),
('S122', 'F004', 69),
('S122', 'F005', 28),
('S122', 'F006', 105),
('S122', 'F007', 79),
('S122', 'F008', 43),
('S123', 'F001', 150),
('S123', 'F002', 74),
('S123', 'F003', 116),
('S123', 'F004', 161),
('S123', 'F005', 194),
('S123', 'F006', 82),
('S123', 'F007', 5),
('S123', 'F008', 199),
('S124', 'F001', 172),
('S124', 'F002', 136),
('S124', 'F003', 165),
('S124', 'F004', 18),
('S124', 'F005', 104),
('S124', 'F006', 32),
('S124', 'F007', 147),
('S124', 'F008', 165),
('S125', 'F001', 171),
('S125', 'F002', 180),
('S125', 'F003', 188),
('S125', 'F004', 199),
('S125', 'F005', 154),
('S125', 'F006', 173),
('S125', 'F007', 81),
('S125', 'F008', 80),
('S126', 'F001', 188),
('S126', 'F002', 170),
('S126', 'F003', 86),
('S126', 'F004', 119),
('S126', 'F005', 142),
('S126', 'F006', 154),
('S126', 'F007', 88),
('S126', 'F008', 173),
('S127', 'F001', 197),
('S127', 'F002', 33),
('S127', 'F003', 172),
('S127', 'F004', 160),
('S127', 'F005', 153),
('S127', 'F006', 194),
('S127', 'F007', 106),
('S127', 'F008', 33),
('S128', 'F001', 57),
('S128', 'F002', 171),
('S128', 'F003', 88),
('S128', 'F004', 124),
('S128', 'F005', 13),
('S128', 'F006', 154),
('S128', 'F007', 193),
('S128', 'F008', 123),
('S129', 'F001', 195),
('S129', 'F002', 75),
('S129', 'F003', 187),
('S129', 'F004', 114),
('S129', 'F005', 99),
('S129', 'F006', 87),
('S129', 'F007', 69),
('S129', 'F008', 122),
('S130', 'F001', 35),
('S130', 'F002', 83),
('S130', 'F003', 112),
('S130', 'F004', 108),
('S130', 'F005', 105),
('S130', 'F006', 56),
('S130', 'F007', 109),
('S130', 'F008', 150),
('S131', 'F001', 35),
('S131', 'F002', 110),
('S131', 'F003', 49),
('S131', 'F004', 112),
('S131', 'F005', 129),
('S131', 'F006', 21),
('S131', 'F007', 6),
('S131', 'F008', 140),
('S132', 'F001', 48),
('S132', 'F002', 25),
('S132', 'F003', 178),
('S132', 'F004', 21),
('S132', 'F005', 168),
('S132', 'F006', 92),
('S132', 'F007', 145),
('S132', 'F008', 85),
('S133', 'F001', 198),
('S133', 'F002', 196),
('S133', 'F003', 187),
('S133', 'F004', 146),
('S133', 'F005', 16),
('S133', 'F006', 186),
('S133', 'F007', 163),
('S133', 'F008', 2),
('S134', 'F001', 158),
('S134', 'F002', 89),
('S134', 'F003', 168),
('S134', 'F004', 173),
('S134', 'F005', 100),
('S134', 'F006', 6),
('S134', 'F007', 10),
('S134', 'F008', 14),
('S135', 'F001', 28),
('S135', 'F002', 176),
('S135', 'F003', 198),
('S135', 'F004', 63),
('S135', 'F005', 4),
('S135', 'F006', 182),
('S135', 'F007', 62),
('S135', 'F008', 156),
('S136', 'F001', 191),
('S136', 'F002', 171),
('S136', 'F003', 82),
('S136', 'F004', 98),
('S136', 'F005', 114),
('S136', 'F006', 154),
('S136', 'F007', 48),
('S136', 'F008', 101),
('S137', 'F001', 62),
('S137', 'F002', 4),
('S137', 'F003', 34),
('S137', 'F004', 158),
('S137', 'F005', 175),
('S137', 'F006', 34),
('S137', 'F007', 6),
('S137', 'F008', 144),
('S138', 'F001', 113),
('S138', 'F002', 120),
('S138', 'F003', 63),
('S138', 'F004', 152),
('S138', 'F005', 8),
('S138', 'F006', 153),
('S138', 'F007', 117),
('S138', 'F008', 44),
('S139', 'F001', 40),
('S139', 'F002', 184),
('S139', 'F003', 1),
('S139', 'F004', 51),
('S139', 'F005', 112),
('S139', 'F006', 64),
('S139', 'F007', 1),
('S139', 'F008', 141),
('S140', 'F001', 50),
('S140', 'F002', 143),
('S140', 'F003', 166),
('S140', 'F004', 1),
('S140', 'F005', 125),
('S140', 'F006', 68),
('S140', 'F007', 108),
('S140', 'F008', 131),
('S141', 'F001', 81),
('S141', 'F002', 26),
('S141', 'F003', 84),
('S141', 'F004', 144),
('S141', 'F005', 115),
('S141', 'F006', 96),
('S141', 'F007', 164),
('S141', 'F008', 192),
('S142', 'F001', 45),
('S142', 'F002', 46),
('S142', 'F003', 91),
('S142', 'F004', 120),
('S142', 'F005', 79),
('S142', 'F006', 119),
('S142', 'F007', 12),
('S142', 'F008', 89),
('S143', 'F001', 199),
('S143', 'F002', 158),
('S143', 'F003', 191),
('S143', 'F004', 84),
('S143', 'F005', 170),
('S143', 'F006', 156),
('S143', 'F007', 119),
('S143', 'F008', 85),
('S144', 'F001', 119),
('S144', 'F002', 158),
('S144', 'F003', 35),
('S144', 'F004', 96),
('S144', 'F005', 196),
('S144', 'F006', 100),
('S144', 'F007', 52),
('S144', 'F008', 14),
('S145', 'F001', 30),
('S145', 'F002', 132),
('S145', 'F003', 174),
('S145', 'F004', 73),
('S145', 'F005', 198),
('S145', 'F006', 100),
('S145', 'F007', 60),
('S145', 'F008', 147),
('S146', 'F001', 106),
('S146', 'F002', 20),
('S146', 'F003', 180),
('S146', 'F004', 41),
('S146', 'F005', 188),
('S146', 'F006', 7),
('S146', 'F007', 157),
('S146', 'F008', 122),
('S147', 'F001', 112),
('S147', 'F002', 123),
('S147', 'F003', 80),
('S147', 'F004', 30),
('S147', 'F005', 60),
('S147', 'F006', 11),
('S147', 'F007', 171),
('S147', 'F008', 59),
('S148', 'F001', 86),
('S148', 'F002', 109),
('S148', 'F003', 86),
('S148', 'F004', 106),
('S148', 'F005', 29),
('S148', 'F006', 135),
('S148', 'F007', 136),
('S148', 'F008', 71),
('S149', 'F001', 139),
('S149', 'F002', 47),
('S149', 'F003', 17),
('S149', 'F004', 142),
('S149', 'F005', 72),
('S149', 'F006', 8),
('S149', 'F007', 179),
('S149', 'F008', 73),
('S150', 'F001', 111),
('S150', 'F002', 112),
('S150', 'F003', 26),
('S150', 'F004', 190),
('S150', 'F005', 22),
('S150', 'F006', 122),
('S150', 'F007', 71),
('S150', 'F008', 164),
('S151', 'F001', 63),
('S151', 'F002', 102),
('S151', 'F003', 121),
('S151', 'F004', 98),
('S151', 'F005', 140),
('S151', 'F006', 130),
('S151', 'F007', 120),
('S151', 'F008', 141),
('S152', 'F001', 147),
('S152', 'F002', 3),
('S152', 'F003', 172),
('S152', 'F004', 53),
('S152', 'F005', 176),
('S152', 'F006', 32),
('S152', 'F007', 42),
('S152', 'F008', 29),
('S153', 'F001', 103),
('S153', 'F002', 131),
('S153', 'F003', 145),
('S153', 'F004', 134),
('S153', 'F005', 178),
('S153', 'F006', 24),
('S153', 'F007', 183),
('S153', 'F008', 84),
('S154', 'F001', 81),
('S154', 'F002', 143),
('S154', 'F003', 74),
('S154', 'F004', 137),
('S154', 'F005', 116),
('S154', 'F006', 18),
('S154', 'F007', 183),
('S154', 'F008', 47),
('S155', 'F001', 22),
('S155', 'F002', 193),
('S155', 'F003', 105),
('S155', 'F004', 144),
('S155', 'F005', 197),
('S155', 'F006', 189),
('S155', 'F007', 168),
('S155', 'F008', 17),
('S156', 'F001', 174),
('S156', 'F002', 80),
('S156', 'F003', 75),
('S156', 'F004', 136),
('S156', 'F005', 69),
('S156', 'F006', 69),
('S156', 'F007', 179),
('S156', 'F008', 123),
('S157', 'F001', 151),
('S157', 'F002', 18),
('S157', 'F003', 38),
('S157', 'F004', 135),
('S157', 'F005', 2),
('S157', 'F006', 46),
('S157', 'F007', 123),
('S157', 'F008', 40),
('S158', 'F001', 91),
('S158', 'F002', 109),
('S158', 'F003', 73),
('S158', 'F004', 37),
('S158', 'F005', 118),
('S158', 'F006', 79),
('S158', 'F007', 93),
('S158', 'F008', 176),
('S159', 'F001', 48),
('S159', 'F002', 58),
('S159', 'F003', 144),
('S159', 'F004', 149),
('S159', 'F005', 116),
('S159', 'F006', 96),
('S159', 'F007', 42),
('S159', 'F008', 184),
('S160', 'F001', 48),
('S160', 'F002', 92),
('S160', 'F003', 117),
('S160', 'F004', 108),
('S160', 'F005', 25),
('S160', 'F006', 31),
('S160', 'F007', 154),
('S160', 'F008', 78),
('S161', 'F001', 51),
('S161', 'F002', 6),
('S161', 'F003', 73),
('S161', 'F004', 148),
('S161', 'F005', 173),
('S161', 'F006', 6),
('S161', 'F007', 94),
('S161', 'F008', 17),
('S162', 'F001', 103),
('S162', 'F002', 125),
('S162', 'F003', 119),
('S162', 'F004', 21),
('S162', 'F005', 70),
('S162', 'F006', 192),
('S162', 'F007', 110),
('S162', 'F008', 148),
('S163', 'F001', 157),
('S163', 'F002', 54),
('S163', 'F003', 194),
('S163', 'F004', 15),
('S163', 'F005', 191),
('S163', 'F006', 2),
('S163', 'F007', 97),
('S163', 'F008', 21),
('S164', 'F001', 34),
('S164', 'F002', 41),
('S164', 'F003', 103),
('S164', 'F004', 192),
('S164', 'F005', 81),
('S164', 'F006', 133),
('S164', 'F007', 51),
('S164', 'F008', 83),
('S165', 'F001', 18),
('S165', 'F002', 127),
('S165', 'F003', 179),
('S165', 'F004', 118),
('S165', 'F005', 105),
('S165', 'F006', 135),
('S165', 'F007', 167),
('S165', 'F008', 105),
('S166', 'F001', 67),
('S166', 'F002', 35),
('S166', 'F003', 175),
('S166', 'F004', 174),
('S166', 'F005', 191),
('S166', 'F006', 13),
('S166', 'F007', 128),
('S166', 'F008', 127),
('S167', 'F001', 199),
('S167', 'F002', 119),
('S167', 'F003', 1),
('S167', 'F004', 44),
('S167', 'F005', 155),
('S167', 'F006', 66),
('S167', 'F007', 126),
('S167', 'F008', 70),
('S168', 'F001', 68),
('S168', 'F002', 154),
('S168', 'F003', 166),
('S168', 'F004', 171),
('S168', 'F005', 70),
('S168', 'F006', 96),
('S168', 'F007', 81),
('S168', 'F008', 69),
('S169', 'F001', 76),
('S169', 'F002', 106),
('S169', 'F003', 102),
('S169', 'F004', 193),
('S169', 'F005', 126),
('S169', 'F006', 188),
('S169', 'F007', 47),
('S169', 'F008', 142),
('S170', 'F001', 149),
('S170', 'F002', 106),
('S170', 'F003', 84),
('S170', 'F004', 99),
('S170', 'F005', 119),
('S170', 'F006', 19),
('S170', 'F007', 67),
('S170', 'F008', 176),
('S171', 'F001', 23),
('S171', 'F002', 24),
('S171', 'F003', 54),
('S171', 'F004', 197),
('S171', 'F005', 136),
('S171', 'F006', 17),
('S171', 'F007', 3),
('S171', 'F008', 112),
('S172', 'F001', 131),
('S172', 'F002', 176),
('S172', 'F003', 88),
('S172', 'F004', 111),
('S172', 'F005', 123),
('S172', 'F006', 79),
('S172', 'F007', 139),
('S172', 'F008', 51);

-- --------------------------------------------------------

--
-- Table structure for table `shop_staff`
--

CREATE TABLE `shop_staff` (
  `ID` char(3) NOT NULL,
  `StaffName` varchar(50) NOT NULL,
  `ShopID` char(4) NOT NULL,
  `UserID` char(5) NOT NULL
) ENGINE=InnoDB DEFAULT CHARSET=utf8mb4 COLLATE=utf8mb4_general_ci;

--
-- Dumping data for table `shop_staff`
--

INSERT INTO `shop_staff` (`ID`, `StaffName`, `ShopID`, `UserID`) VALUES
('001', 'Alvin', 'S023', 'U001'),
('002', 'Carlos', 'S024', 'U010'),
('003', 'Johnson', 'S102', 'U011');

-- --------------------------------------------------------

--
-- Table structure for table `user`
--

CREATE TABLE `user` (
  `UserID` char(5) NOT NULL,
  `UserName` varchar(50) NOT NULL,
  `Password` varchar(100) NOT NULL
) ENGINE=InnoDB DEFAULT CHARSET=utf8mb4 COLLATE=utf8mb4_general_ci;

--
-- Dumping data for table `user`
--

INSERT INTO `user` (`UserID`, `UserName`, `Password`) VALUES
('U001', 'User 1', '7VMRVdnaqD2rjKgdc4PSkA=='),
('U002', 'User 2', 'Aw7uB0qKuHrV1v5jqHtPhw=='),
('U003', 'User 3', 'CpWhvOs//62LN7EVZk60ew=='),
('U004', 'User 4', 'XZw5jE83h5G9qaALwfg7qg=='),
('U005', 'User 5', 'Kxe2hjTmkGQdlyRJCpToYw=='),
('U006', 'User 6', 'nnaikMZ4ngdpnSKBrJq+Zg=='),
('U007', 'User 7', '2b39YxIR0RaYpEWg53Jeiw=='),
('U008', 'User 8', 'k1bnoNLP5mlRh66Oo5VAnA=='),
('U009', 'User 9', 'RebUbDA5nlNAPwGQo/UDXA=='),
('U010', 'User 10', 'spOSY/FVyHoezdUEiQcpfA=='),
('U011', 'User 11', 'STCVmUCH5jT5TpaD+5vUHA==');

-- --------------------------------------------------------

--
-- Table structure for table `warehouse`
--

CREATE TABLE `warehouse` (
  `ID` char(4) NOT NULL,
  `CountryRegionID` char(2) DEFAULT NULL,
  `Type` enum('Central','Source') NOT NULL,
  `SourceCity` char(3) DEFAULT NULL,
  `PhoneNumber` varchar(20) NOT NULL
) ENGINE=InnoDB DEFAULT CHARSET=utf8mb4 COLLATE=utf8mb4_general_ci;

--
-- Dumping data for table `warehouse`
--

INSERT INTO `warehouse` (`ID`, `CountryRegionID`, `Type`, `SourceCity`, `PhoneNumber`) VALUES
('W001', 'JP', 'Central', NULL, '+81 3-1234-5678'),
('W002', 'US', 'Central', NULL, '+1 212-987-6543'),
('W003', 'HK', 'Central', NULL, '+852 2345 6789'),
('W004', 'CN', 'Source', '002', '+860987654321'),
('W005', 'CN', 'Source', '004', '+861234567890'),
('W006', 'CA', 'Source', '001', '+14165550123'),
('W007', 'CA', 'Source', '003', '+16045550124'),
('W008', 'AU', 'Source', '005', '+61412345678');

-- --------------------------------------------------------

--
-- Table structure for table `warehouse_fruit_stock`
--

CREATE TABLE `warehouse_fruit_stock` (
  `WarehouseID` char(4) NOT NULL,
  `FruitID` char(4) NOT NULL,
  `Qty` int(5) NOT NULL
) ENGINE=InnoDB DEFAULT CHARSET=utf8mb4 COLLATE=utf8mb4_general_ci;

--
-- Dumping data for table `warehouse_fruit_stock`
--

INSERT INTO `warehouse_fruit_stock` (`WarehouseID`, `FruitID`, `Qty`) VALUES
('W001', 'F001', 92),
('W001', 'F002', 108),
('W001', 'F003', 66),
('W001', 'F004', 7),
('W001', 'F005', 149),
('W001', 'F006', 33),
('W001', 'F007', 41),
('W001', 'F008', 147),
('W002', 'F001', 35),
('W002', 'F002', 68),
('W002', 'F003', 36),
('W002', 'F004', 174),
('W002', 'F005', 96),
('W002', 'F006', 60),
('W002', 'F007', 187),
('W002', 'F008', 104),
('W003', 'F001', 10),
('W003', 'F002', 11),
('W003', 'F003', 23),
('W003', 'F004', 83),
('W003', 'F005', 74),
('W003', 'F006', 21),
('W003', 'F007', 135),
('W003', 'F008', 9);

-- --------------------------------------------------------

--
-- Table structure for table `warehouse_staff`
--

CREATE TABLE `warehouse_staff` (
  `ID` char(3) NOT NULL,
  `StaffName` varchar(50) NOT NULL,
  `WarehouseID` char(4) NOT NULL,
  `UserID` char(5) NOT NULL
) ENGINE=InnoDB DEFAULT CHARSET=utf8mb4 COLLATE=utf8mb4_general_ci;

--
-- Dumping data for table `warehouse_staff`
--

INSERT INTO `warehouse_staff` (`ID`, `StaffName`, `WarehouseID`, `UserID`) VALUES
('001', 'Peter', 'W001', 'U002'),
('002', 'Tom', 'W002', 'U003'),
('003', 'Ming', 'W003', 'U004'),
('004', 'David ', 'W004', 'U005'),
('005', 'Jones', 'W005', 'U006'),
('006', 'Mary', 'W006', 'U007'),
('007', 'Alex', 'W007', 'U008'),
('008', 'Sam', 'W008', 'U009');

--
-- Indexes for dumped tables
--

--
-- Indexes for table `country_region`
--
ALTER TABLE `country_region`
  ADD PRIMARY KEY (`ID`);

--
-- Indexes for table `fruit`
--
ALTER TABLE `fruit`
  ADD PRIMARY KEY (`ID`),
  ADD KEY `FruitCityID_fk` (`FruitCityID`);

--
-- Indexes for table `fruit_city`
--
ALTER TABLE `fruit_city`
  ADD PRIMARY KEY (`ID`),
  ADD KEY `country_region_fk` (`CountryRegionID`);

--
-- Indexes for table `shop`
--
ALTER TABLE `shop`
  ADD PRIMARY KEY (`ID`),
  ADD KEY `city_fk` (`City`);

--
-- Indexes for table `shop_borrow_request`
--
ALTER TABLE `shop_borrow_request`
  ADD PRIMARY KEY (`ID`),
  ADD KEY `requestby_fk` (`RequestBy`),
  ADD KEY `to_fk` (`RequestTo`);

--
-- Indexes for table `shop_borrow_request_item`
--
ALTER TABLE `shop_borrow_request_item`
  ADD PRIMARY KEY (`BorrowRequestID`,`FruitID`),
  ADD KEY `fruit_fk` (`FruitID`);

--
-- Indexes for table `shop_city`
--
ALTER TABLE `shop_city`
  ADD PRIMARY KEY (`ID`),
  ADD KEY `FK_shop_city_country_region` (`CountryRegionID`);

--
-- Indexes for table `shop_fruit_order`
--
ALTER TABLE `shop_fruit_order`
  ADD PRIMARY KEY (`ID`),
  ADD KEY `ShopID_fk2` (`ShopID`);

--
-- Indexes for table `shop_fruit_order_item`
--
ALTER TABLE `shop_fruit_order_item`
  ADD PRIMARY KEY (`OrderID`,`FruitID`),
  ADD KEY `FruitID_fk2` (`FruitID`);

--
-- Indexes for table `shop_fruit_stock`
--
ALTER TABLE `shop_fruit_stock`
  ADD PRIMARY KEY (`ShopID`,`FruitID`),
  ADD KEY `FruitID_fk` (`FruitID`);

--
-- Indexes for table `shop_staff`
--
ALTER TABLE `shop_staff`
  ADD PRIMARY KEY (`ID`),
  ADD KEY `ShopID` (`ShopID`),
  ADD KEY `UserID` (`UserID`);

--
-- Indexes for table `user`
--
ALTER TABLE `user`
  ADD PRIMARY KEY (`UserID`);

--
-- Indexes for table `warehouse`
--
ALTER TABLE `warehouse`
  ADD PRIMARY KEY (`ID`),
  ADD KEY `c_fk` (`CountryRegionID`),
  ADD KEY `SourceCity_fk` (`SourceCity`);

--
-- Indexes for table `warehouse_fruit_stock`
--
ALTER TABLE `warehouse_fruit_stock`
  ADD PRIMARY KEY (`WarehouseID`,`FruitID`),
  ADD KEY `FruitID` (`FruitID`);

--
-- Indexes for table `warehouse_staff`
--
ALTER TABLE `warehouse_staff`
  ADD PRIMARY KEY (`ID`),
  ADD KEY `WarehouseID` (`WarehouseID`),
  ADD KEY `UserID` (`UserID`);

--
-- Constraints for dumped tables
--

--
-- Constraints for table `fruit`
--
ALTER TABLE `fruit`
  ADD CONSTRAINT `FruitCityID_fk` FOREIGN KEY (`FruitCityID`) REFERENCES `fruit_city` (`ID`);

--
-- Constraints for table `fruit_city`
--
ALTER TABLE `fruit_city`
  ADD CONSTRAINT `country_region_fk` FOREIGN KEY (`CountryRegionID`) REFERENCES `country_region` (`ID`);

--
-- Constraints for table `shop`
--
ALTER TABLE `shop`
  ADD CONSTRAINT `city_fk` FOREIGN KEY (`City`) REFERENCES `shop_city` (`ID`);

--
-- Constraints for table `shop_borrow_request`
--
ALTER TABLE `shop_borrow_request`
  ADD CONSTRAINT `by_fk` FOREIGN KEY (`RequestBy`) REFERENCES `shop` (`ID`),
  ADD CONSTRAINT `requestby_fk` FOREIGN KEY (`RequestBy`) REFERENCES `shop` (`ID`),
  ADD CONSTRAINT `to_fk` FOREIGN KEY (`RequestTo`) REFERENCES `shop` (`ID`);

--
-- Constraints for table `shop_borrow_request_item`
--
ALTER TABLE `shop_borrow_request_item`
  ADD CONSTRAINT `fruit_fk` FOREIGN KEY (`FruitID`) REFERENCES `fruit` (`ID`),
  ADD CONSTRAINT `id_fk` FOREIGN KEY (`BorrowRequestID`) REFERENCES `shop_borrow_request` (`ID`);

--
-- Constraints for table `shop_city`
--
ALTER TABLE `shop_city`
  ADD CONSTRAINT `FK_shop_city_country_region` FOREIGN KEY (`CountryRegionID`) REFERENCES `country_region` (`ID`);

--
-- Constraints for table `shop_fruit_order`
--
ALTER TABLE `shop_fruit_order`
  ADD CONSTRAINT `ShopID_fk2` FOREIGN KEY (`ShopID`) REFERENCES `shop` (`ID`);

--
-- Constraints for table `shop_fruit_order_item`
--
ALTER TABLE `shop_fruit_order_item`
  ADD CONSTRAINT `FruitID_fk2` FOREIGN KEY (`FruitID`) REFERENCES `fruit` (`ID`),
  ADD CONSTRAINT `OrderID_fk2` FOREIGN KEY (`OrderID`) REFERENCES `shop_fruit_order` (`ID`);

--
-- Constraints for table `shop_fruit_stock`
--
ALTER TABLE `shop_fruit_stock`
  ADD CONSTRAINT `FruitID_fk` FOREIGN KEY (`FruitID`) REFERENCES `fruit` (`ID`),
  ADD CONSTRAINT `ShopID_fk` FOREIGN KEY (`ShopID`) REFERENCES `shop` (`ID`);

--
-- Constraints for table `shop_staff`
--
ALTER TABLE `shop_staff`
  ADD CONSTRAINT `shop_staff_ibfk_1` FOREIGN KEY (`ShopID`) REFERENCES `shop` (`ID`),
  ADD CONSTRAINT `shop_staff_ibfk_2` FOREIGN KEY (`UserID`) REFERENCES `user` (`UserID`);

--
-- Constraints for table `warehouse`
--
ALTER TABLE `warehouse`
  ADD CONSTRAINT `SourceCity_fk` FOREIGN KEY (`SourceCity`) REFERENCES `fruit_city` (`ID`),
  ADD CONSTRAINT `c_fk` FOREIGN KEY (`CountryRegionID`) REFERENCES `country_region` (`ID`);

--
-- Constraints for table `warehouse_fruit_stock`
--
ALTER TABLE `warehouse_fruit_stock`
  ADD CONSTRAINT `warehouse_fruit_stock_ibfk_1` FOREIGN KEY (`WarehouseID`) REFERENCES `warehouse` (`ID`),
  ADD CONSTRAINT `warehouse_fruit_stock_ibfk_2` FOREIGN KEY (`FruitID`) REFERENCES `fruit` (`ID`);

--
-- Constraints for table `warehouse_staff`
--
ALTER TABLE `warehouse_staff`
  ADD CONSTRAINT `warehouse_staff_ibfk_1` FOREIGN KEY (`WarehouseID`) REFERENCES `warehouse` (`ID`),
  ADD CONSTRAINT `warehouse_staff_ibfk_2` FOREIGN KEY (`UserID`) REFERENCES `user` (`UserID`);
COMMIT;

/*!40101 SET CHARACTER_SET_CLIENT=@OLD_CHARACTER_SET_CLIENT */;
/*!40101 SET CHARACTER_SET_RESULTS=@OLD_CHARACTER_SET_RESULTS */;
/*!40101 SET COLLATION_CONNECTION=@OLD_COLLATION_CONNECTION */;
