-- phpMyAdmin SQL Dump
-- version 5.2.1
-- https://www.phpmyadmin.net/
--
-- Host: 127.0.0.1
-- Generation Time: Apr 13, 2025 at 01:10 PM
-- Server version: 10.4.32-MariaDB
-- PHP Version: 8.2.12

SET SQL_MODE = "NO_AUTO_VALUE_ON_ZERO";
START TRANSACTION;
SET time_zone = "+00:00";


/*!40101 SET @OLD_CHARACTER_SET_CLIENT=@@CHARACTER_SET_CLIENT */;
/*!40101 SET @OLD_CHARACTER_SET_RESULTS=@@CHARACTER_SET_RESULTS */;
/*!40101 SET @OLD_COLLATION_CONNECTION=@@COLLATION_CONNECTION */;
/*!40101 SET NAMES utf8mb4 */;

--
-- Database: `itp4511_project_db`
--
CREATE DATABASE IF NOT EXISTS `itp4511_project_db` DEFAULT CHARACTER SET utf8mb4 COLLATE utf8mb4_general_ci;
USE `itp4511_project_db`;

-- --------------------------------------------------------

--
-- Table structure for table `country_region`
--

CREATE TABLE `country_region` (
  `ID` char(2) NOT NULL,
  `Name` varchar(40) NOT NULL
) ENGINE=InnoDB DEFAULT CHARSET=utf8mb4 COLLATE=utf8mb4_general_ci;

--
-- Dumping data for table `country_region`
--

INSERT INTO `country_region` (`ID`, `Name`) VALUES
('AD', 'Andorra'),
('AE', 'United Arab Emirates'),
('AF', 'Afghanistan'),
('AL', 'Albania'),
('AM', 'Armenia'),
('AO', 'Angola'),
('AR', 'Argentina'),
('AS', 'American Samoa'),
('AT', 'Austria'),
('AU', 'Australia'),
('AW', 'Aruba'),
('AZ', 'Azerbaijan'),
('BA', 'Bosnia and Herzegovina'),
('BB', 'Barbados'),
('BD', 'Bangladesh'),
('BE', 'Belgium'),
('BF', 'Burkina Faso'),
('BG', 'Bulgaria'),
('BH', 'Bahrain'),
('BI', 'Burundi'),
('BJ', 'Benin'),
('BM', 'Bermuda'),
('BN', 'Brunei Darussalam'),
('BO', 'Bolivia'),
('BR', 'Brazil'),
('BS', 'Bahamas'),
('BT', 'Bhutan'),
('BW', 'Botswana'),
('BY', 'Belarus'),
('BZ', 'Belize'),
('CA', 'Canada'),
('CD', 'Congo, Democratic Republic of the'),
('CF', 'Central African Republic'),
('CG', 'Congo'),
('CH', 'Switzerland'),
('CI', 'Côte d\'Ivoire'),
('CL', 'Chile'),
('CM', 'Cameroon'),
('CN', 'China'),
('CO', 'Colombia'),
('CR', 'Costa Rica'),
('CU', 'Cuba'),
('CV', 'Cabo Verde'),
('CW', 'Curaçao'),
('CY', 'Cyprus'),
('CZ', 'Czechia'),
('DE', 'Germany'),
('DJ', 'Djibouti'),
('DK', 'Denmark'),
('DM', 'Dominica'),
('DO', 'Dominican Republic'),
('DZ', 'Algeria'),
('EC', 'Ecuador'),
('EE', 'Estonia'),
('EG', 'Egypt'),
('ER', 'Eritrea'),
('ES', 'Spain'),
('ET', 'Ethiopia'),
('FI', 'Finland'),
('FJ', 'Fiji'),
('FM', 'Micronesia, Federated States of'),
('FO', 'Faroe Islands'),
('FR', 'France'),
('GA', 'Gabon'),
('GB', 'United Kingdom'),
('GD', 'Grenada'),
('GE', 'Georgia'),
('GH', 'Ghana'),
('GI', 'Gibraltar'),
('GL', 'Greenland'),
('GM', 'Gambia'),
('GN', 'Guinea'),
('GQ', 'Equatorial Guinea'),
('GR', 'Greece'),
('GS', 'South Georgia and the South Sandwich Isl'),
('GT', 'Guatemala'),
('GU', 'Guam'),
('GW', 'Guinea-Bissau'),
('GY', 'Guyana'),
('HK', 'Hong Kong'),
('HN', 'Honduras'),
('HR', 'Croatia'),
('HT', 'Haiti'),
('HU', 'Hungary'),
('ID', 'Indonesia'),
('IE', 'Ireland'),
('IL', 'Israel'),
('IM', 'Isle of Man'),
('IN', 'India'),
('IQ', 'Iraq'),
('IR', 'Iran, Islamic Republic of'),
('IS', 'Iceland'),
('IT', 'Italy'),
('JE', 'Jersey'),
('JM', 'Jamaica'),
('JO', 'Jordan'),
('JP', 'Japan'),
('KE', 'Kenya'),
('KG', 'Kyrgyzstan'),
('KH', 'Cambodia'),
('KI', 'Kiribati'),
('KP', 'Korea, Democratic People\'s Republic of'),
('KR', 'Korea, Republic of'),
('KW', 'Kuwait'),
('KY', 'Cayman Islands'),
('KZ', 'Kazakhstan'),
('LA', 'Lao People\'s Democratic Republic'),
('LB', 'Lebanon'),
('LI', 'Liechtenstein'),
('LK', 'Sri Lanka'),
('LR', 'Liberia'),
('LS', 'Lesotho'),
('LT', 'Lithuania'),
('LU', 'Luxembourg'),
('LV', 'Latvia'),
('LY', 'Libya'),
('MA', 'Morocco'),
('MC', 'Monaco'),
('MD', 'Moldova, Republic of'),
('ME', 'Montenegro'),
('MG', 'Madagascar'),
('MH', 'Marshall Islands'),
('MK', 'North Macedonia'),
('ML', 'Mali'),
('MM', 'Myanmar'),
('MN', 'Mongolia'),
('MO', 'Macao'),
('MP', 'Northern Mariana Islands'),
('MQ', 'Martinique'),
('MR', 'Mauritania'),
('MS', 'Montserrat'),
('MT', 'Malta'),
('MU', 'Mauritius'),
('MV', 'Maldives'),
('MW', 'Malawi'),
('MX', 'Mexico'),
('MY', 'Malaysia'),
('MZ', 'Mozambique'),
('NA', 'Namibia'),
('NC', 'New Caledonia'),
('NE', 'Niger'),
('NG', 'Nigeria'),
('NI', 'Nicaragua'),
('NL', 'Netherlands'),
('NO', 'Norway'),
('NP', 'Nepal'),
('NR', 'Nauru'),
('NZ', 'New Zealand'),
('OM', 'Oman'),
('PA', 'Panama'),
('PE', 'Peru'),
('PG', 'Papua New Guinea'),
('PH', 'Philippines'),
('PK', 'Pakistan'),
('PL', 'Poland'),
('PR', 'Puerto Rico'),
('PT', 'Portugal'),
('PW', 'Palau'),
('PY', 'Paraguay'),
('QA', 'Qatar'),
('RO', 'Romania'),
('RS', 'Serbia'),
('RU', 'Russian Federation'),
('RW', 'Rwanda'),
('SA', 'Saudi Arabia'),
('SB', 'Solomon Islands'),
('SC', 'Seychelles'),
('SD', 'Sudan'),
('SE', 'Sweden'),
('SG', 'Singapore'),
('SI', 'Slovenia'),
('SJ', 'Svalbard and Jan Mayen'),
('SK', 'Slovakia'),
('SL', 'Sierra Leone'),
('SM', 'San Marino'),
('SN', 'Senegal'),
('SO', 'Somalia'),
('SR', 'Suriname'),
('SS', 'South Sudan'),
('SV', 'El Salvador'),
('SX', 'Sint Maarten (Dutch part)'),
('SY', 'Syrian Arab Republic'),
('SZ', 'Eswatini'),
('TC', 'Turks and Caicos Islands'),
('TD', 'Chad'),
('TG', 'Togo'),
('TH', 'Thailand'),
('TJ', 'Tajikistan'),
('TK', 'Tokelau'),
('TL', 'Timor-Leste'),
('TM', 'Turkmenistan'),
('TN', 'Tunisia'),
('TO', 'Tonga'),
('TR', 'Turkey'),
('TT', 'Trinidad and Tobago'),
('TV', 'Tuvalu'),
('TW', 'Taiwan, Province of China'),
('TZ', 'Tanzania, United Republic of'),
('UA', 'Ukraine'),
('UG', 'Uganda'),
('UM', 'United States Minor Outlying Islands'),
('US', 'United States'),
('UY', 'Uruguay'),
('UZ', 'Uzbekistan'),
('VE', 'Venezuela, Bolivarian Republic of'),
('VG', 'Virgin Islands, British'),
('VI', 'Virgin Islands, U.S.'),
('VN', 'Viet Nam'),
('VU', 'Vanuatu'),
('WS', 'Samoa'),
('YE', 'Yemen'),
('YT', 'Mayotte'),
('ZA', 'South Africa'),
('ZM', 'Zambia'),
('ZW', 'Zimbabwe');

-- --------------------------------------------------------

--
-- Table structure for table `fruit`
--

CREATE TABLE `fruit` (
  `ID` char(4) NOT NULL,
  `Name` varchar(20) NOT NULL,
  `type` varchar(20) NOT NULL,
  `unit` varchar(10) NOT NULL,
  `ImgName` varchar(30) NOT NULL,
  `FruitCityID` char(3) NOT NULL
) ENGINE=InnoDB DEFAULT CHARSET=utf8mb4 COLLATE=utf8mb4_general_ci;

--
-- Dumping data for table `fruit`
--

INSERT INTO `fruit` (`ID`, `Name`, `type`, `unit`, `ImgName`, `FruitCityID`) VALUES
('F001', 'Apple', 'Single Fruit', 'piece', 'F001_Apple.jpg', '001'),
('F002', 'Orange', 'Single Fruit', 'piece', 'F002_Orange.jpg', '002'),
('F003', 'Banana', 'Bunch Fruit', 'bunch', 'F003_Banana.jpg', '003'),
('F004', 'Mango', 'Single Fruit', 'piece', 'F004_Mango.jpg', '004'),
('F005', 'Pineapple', 'Single Fruit', 'piece', 'F005_Pineapple.jpg', '005'),
('F006', 'Grape', 'Berry', 'gram', 'F006_Grape.jpg', '006'),
('F007', 'Strawberry', 'Berry', 'gram', 'F007_Strawberry.jpg', '007'),
('F008', 'Cherry', 'Berry', 'gram', 'F008_Cherry.jpg', '008'),
('F009', 'Papaya', 'Single Fruit', 'piece', 'F009_Papaya.jpg', '009'),
('F010', 'Kiwi', 'Single Fruit', 'piece', 'F010_Kiwi.jpg', '010'),
('F011', 'Watermelon', 'Large Fruit', 'piece', 'F011_Watermelon.jpg', '011'),
('F012', 'Peach', 'Single Fruit', 'piece', 'F012_Peach.jpg', '012'),
('F013', 'Pomegranate', 'Large Fruit', 'piece', 'F013_Pomegranate.jpg', '013'),
('F014', 'Guava', 'Single Fruit', 'piece', 'F014_Guava.jpg', '014'),
('F015', 'Blueberry', 'Berry', 'gram', 'F015_Blueberry.jpg', '015'),
('F016', 'Lychee', 'Berry', 'gram', 'F016_Lychee.jpg', '016'),
('F017', 'Fig', 'Single Fruit', 'piece', 'F017_Fig.jpg', '017'),
('F018', 'Dragon Fruit', 'Single Fruit', 'piece', 'F018_DragonFruit.jpg', '018');

-- --------------------------------------------------------

--
-- Table structure for table `fruit_city`
--

CREATE TABLE `fruit_city` (
  `ID` char(3) NOT NULL,
  `City` varchar(50) NOT NULL,
  `CountryRegionID` char(2) NOT NULL
) ENGINE=InnoDB DEFAULT CHARSET=utf8mb4 COLLATE=utf8mb4_general_ci;

--
-- Dumping data for table `fruit_city`
--

INSERT INTO `fruit_city` (`ID`, `City`, `CountryRegionID`) VALUES
('001', 'Toronto', 'CA'),
('002', 'Beijing', 'CN'),
('003', 'Manila', 'PH'),
('004', 'New York', 'US'),
('005', 'Bangkok', 'TH'),
('006', 'Sydney', 'AU'),
('007', 'Paris', 'FR'),
('008', 'Tokyo', 'JP'),
('009', 'Mumbai', 'IN'),
('010', 'Cape Town', 'ZA'),
('011', 'Rio de Janeiro', 'BR'),
('012', 'London', 'GB'),
('013', 'Moscow', 'RU'),
('014', 'Mexico City', 'MX'),
('015', 'Berlin', 'DE'),
('016', 'Seoul', 'KR'),
('017', 'Cairo', 'EG'),
('018', 'Auckland', 'NZ');

-- --------------------------------------------------------

--
-- Table structure for table `shop`
--

CREATE TABLE `shop` (
  `ID` char(4) NOT NULL,
  `Address` varchar(100) NOT NULL,
  `City` char(4) NOT NULL,
  `PhoneNumber` varchar(15) NOT NULL
) ENGINE=InnoDB DEFAULT CHARSET=utf8mb4 COLLATE=utf8mb4_general_ci;

--
-- Dumping data for table `shop`
--

INSERT INTO `shop` (`ID`, `Address`, `City`, `PhoneNumber`) VALUES
('S001', '1-1 Shibuya', 'C001', '+81312345678'),
('S002', '2-3 Ginza', 'C001', '+81398765432'),
('S003', '456 Minato', 'C002', '+81451234567'),
('S004', '789 Namba', 'C003', '+81612345678'),
('S005', '101 Umeda', 'C003', '+81698765432'),
('S006', '321 Nagoya Station', 'C004', '+81521234567'),
('S007', '654 Chuo', 'C005', '+81111234567'),
('S008', '987 Hakata', 'C006', '+81921234567'),
('S009', '123 Port Island', 'C007', '+81781234567'),
('S010', '456 Gion', 'C008', '+81751234567'),
('S011', '789 Shin-Kawasaki', 'C009', '+81441234567'),
('S012', '101 Omiya', 'C010', '+81481234567'),
('S013', '321 Peace Park', 'C011', '+81821234567'),
('S014', '654 Aoba', 'C012', '+81221234567'),
('S015', '987 Makuhari', 'C013', '+81431234567'),
('S016', '123 Moji', 'C014', '+81931234567'),
('S017', '456 Kurashiki', 'C015', '+81861234567'),
('S018', '789 Satsuma', 'C016', '+81961234567'),
('S019', '101 Shimizu', 'C017', '+81541234567'),
('S020', '321 Fukuroi', 'C018', '+81531234567'),
('S021', '654 Joetsu', 'C019', '+81251234567'),
('S022', '987 Kagoshima Chuo', 'C020', '+81991234567'),
('S023', '123 Times Square', 'C021', '+12125550123'),
('S024', '456 Broadway', 'C021', '+12125559876'),
('S025', '789 Hollywood Blvd', 'C022', '+13235550123'),
('S026', '101 Sunset Strip', 'C022', '+13235559876'),
('S027', '321 Michigan Ave', 'C023', '+13125550123'),
('S028', '654 Main St', 'C024', '+17135550123'),
('S029', '987 Camelback Rd', 'C025', '+16025550123'),
('S030', '123 Market St', 'C026', '+12155550123'),
('S031', '456 Alamo Plaza', 'C027', '+12105550123'),
('S032', '789 Gaslamp', 'C028', '+16195550123'),
('S033', '101 Elm St', 'C029', '+12145550123'),
('S034', '321 First St', 'C030', '+14085550123'),
('S035', '654 Congress Ave', 'C031', '+15125550123'),
('S036', '987 Riverside Dr', 'C032', '+19045550123'),
('S037', '123 Mission St', 'C033', '+14155550123'),
('S038', '456 High St', 'C034', '+16145550123'),
('S039', '789 Pike St', 'C035', '+12065550123'),
('S040', '101 16th St', 'C036', '+13035550123'),
('S041', '321 Tremont St', 'C037', '+16175550123'),
('S042', '654 Music Row', 'C038', '+16155550123'),
('S043', '987 Las Vegas Blvd', 'C039', '+17025550123'),
('S044', '123 Ocean Dr', 'C040', '+13055550123'),
('S045', '456 Biscayne Blvd', 'C040', '+13055559876'),
('S046', '10 Des Voeux Rd', 'C041', '+85221234567'),
('S047', '25 Queen\'s Rd', 'C041', '+85229876543'),
('S048', '50 Chai Wan Rd', 'C042', '+85225678901'),
('S049', '12 Repulse Bay Rd', 'C043', '+85228123456'),
('S050', '88 Hennessy Rd', 'C044', '+85228912345'),
('S051', '15 Nathan Rd', 'C045', '+85227123456'),
('S052', '30 Kwun Tong Rd', 'C046', '+85223456789'),
('S053', '45 Cheung Sha Wan Rd', 'C047', '+85227891234'),
('S054', '60 Wong Tai Sin Rd', 'C048', '+85223234567'),
('S055', '75 Mong Kok Rd', 'C049', '+85223876543'),
('S056', '90 Prince Edward Rd', 'C049', '+85223987654'),
('S057', '10 Tung Chung Rd', 'C050', '+85221098765'),
('S058', '25 Kwai Chung Rd', 'C051', '+85224234567'),
('S059', '40 Sheung Shui St', 'C052', '+85226789012'),
('S060', '55 Sai Kung Rd', 'C053', '+85227912345'),
('S061', '70 Sha Tin Centre St', 'C054', '+85226345678'),
('S062', '85 Tai Po Rd', 'C055', '+85226567890'),
('S063', '100 Tsuen Wan Market St', 'C056', '+85224901234'),
('S064', '115 Tuen Mun Heung Sze Wui Rd', 'C057', '+85224567890'),
('S065', '130 Yuen Long Main Rd', 'C058', '+85224789012'),
('S066', '500 Minato East', 'C002', '+81452345678'),
('S067', '12 Minato Central', 'C002', '+81453456789'),
('S068', '75 Nagoya Market', 'C004', '+81522345678'),
('S069', '150 Nagoya Downtown', 'C004', '+81523456789'),
('S070', '35 Chuo North', 'C005', '+81112345678'),
('S071', '89 Chuo Shopping', 'C005', '+81113456789'),
('S072', '42 Hakata East', 'C006', '+81922345678'),
('S073', '76 Hakata Central', 'C006', '+81923456789'),
('S074', '28 Port Island South', 'C007', '+81782345678'),
('S075', '90 Port Island Plaza', 'C007', '+81783456789'),
('S076', '15 Gion Historic', 'C008', '+81752345678'),
('S077', '60 Gion Market', 'C008', '+81753456789'),
('S078', '33 Kawasaki Commerce', 'C009', '+81442345678'),
('S079', '81 Kawasaki Plaza', 'C009', '+81443456789'),
('S080', '27 Omiya West', 'C010', '+81482345678'),
('S081', '93 Omiya Square', 'C010', '+81483456789'),
('S082', '45 Peace Avenue', 'C011', '+81822345678'),
('S083', '77 Peace Market', 'C011', '+81823456789'),
('S084', '22 Aoba Hills', 'C012', '+81222345678'),
('S085', '59 Aoba Plaza', 'C012', '+81223456789'),
('S086', '31 Makuhari View', 'C013', '+81432345678'),
('S087', '68 Makuhari Center', 'C013', '+81433456789'),
('S088', '42 Moji Harbor', 'C014', '+81932345678'),
('S089', '84 Moji Square', 'C014', '+81933456789'),
('S090', '19 Kurashiki Historic', 'C015', '+81862345678'),
('S091', '63 Kurashiki Center', 'C015', '+81863456789'),
('S092', '37 Satsuma Plaza', 'C016', '+81962345678'),
('S093', '82 Satsuma District', 'C016', '+81963456789'),
('S094', '25 Shimizu Port', 'C017', '+81542345678'),
('S095', '71 Shimizu View', 'C017', '+81543456789'),
('S096', '16 Fukuroi Center', 'C018', '+81532345678'),
('S097', '58 Fukuroi Plaza', 'C018', '+81533456789'),
('S098', '32 Joetsu Market', 'C019', '+81252345678'),
('S099', '74 Joetsu Square', 'C019', '+81253456789'),
('S100', '41 Kagoshima Bay', 'C020', '+81992345678'),
('S101', '85 Kagoshima Market', 'C020', '+81993456789'),
('S102', '27 Fifth Avenue', 'C021', '+12125551234'),
('S103', '56 Wilshire Blvd', 'C022', '+13235551234'),
('S104', '93 Rodeo Drive', 'C022', '+13235552345'),
('S105', '48 State Street', 'C023', '+13125551234'),
('S106', '72 Wacker Drive', 'C023', '+13125552345'),
('S107', '35 Houston Ave', 'C024', '+17135551234'),
('S108', '61 Westheimer Rd', 'C024', '+17135552345'),
('S109', '28 Phoenix Central', 'C025', '+16025551234'),
('S110', '54 Scottsdale Rd', 'C025', '+16025552345'),
('S111', '47 Chestnut St', 'C026', '+12155551234'),
('S112', '83 Walnut St', 'C026', '+12155552345'),
('S113', '39 San Antonio River', 'C027', '+12105551234'),
('S114', '65 San Antonio Plaza', 'C027', '+12105552345'),
('S115', '21 Balboa Park', 'C028', '+16195551234'),
('S116', '59 La Jolla', 'C028', '+16195552345'),
('S117', '36 Deep Ellum', 'C029', '+12145551234'),
('S118', '72 Uptown Dallas', 'C029', '+12145552345'),
('S119', '43 Santana Row', 'C030', '+14085551234'),
('S120', '67 San Jose Plaza', 'C030', '+14085552345'),
('S121', '29 South Congress', 'C031', '+15125551234'),
('S122', '51 Sixth Street', 'C031', '+15125552345'),
('S123', '18 Jacksonville Beach', 'C032', '+19045551234'),
('S124', '63 St Johns River', 'C032', '+19045552345'),
('S125', '44 Fisherman\'s Wharf', 'C033', '+14155551234'),
('S126', '79 Union Square', 'C033', '+14155552345'),
('S127', '33 Short North', 'C034', '+16145551234'),
('S128', '57 German Village', 'C034', '+16145552345'),
('S129', '26 Pike Place', 'C035', '+12065551234'),
('S130', '68 Seattle Center', 'C035', '+12065552345'),
('S131', '41 Denver Downtown', 'C036', '+13035551234'),
('S132', '75 Larimer Square', 'C036', '+13035552345'),
('S133', '32 Newbury St', 'C037', '+16175551234'),
('S134', '69 Faneuil Hall', 'C037', '+16175552345'),
('S135', '23 Broadway', 'C038', '+16155551234'),
('S136', '47 The Gulch', 'C038', '+16155552345'),
('S137', '38 The Strip Central', 'C039', '+17025551234'),
('S138', '62 Fremont Street', 'C039', '+17025552345'),
('S139', '17 South Beach', 'C040', '+13055551234'),
('S140', '14 Stone Road', 'C042', '+85225678902'),
('S141', '38 Chai Wan Street', 'C042', '+85225678903'),
('S142', '29 Island South', 'C043', '+85228123457'),
('S143', '55 Deep Water Bay', 'C043', '+85228123458'),
('S144', '31 Commerce Centre', 'C044', '+85228912346'),
('S145', '67 Convention Plaza', 'C044', '+85228912347'),
('S146', '26 Jordan Road', 'C045', '+85227123457'),
('S147', '52 Austin Road', 'C045', '+85227123458'),
('S148', '19 APM Plaza', 'C046', '+85223456790'),
('S149', '43 Millennium City', 'C046', '+85223456791'),
('S150', '28 Dragon Centre', 'C047', '+85227891235'),
('S151', '61 Golden Plaza', 'C047', '+85227891236'),
('S152', '37 Lion Rock Plaza', 'C048', '+85223234568'),
('S153', '72 Diamond Hill', 'C048', '+85223234569'),
('S154', '104 Ladies Market', 'C049', '+85223876544'),
('S155', '28 Islands Plaza', 'C050', '+85221098766'),
('S156', '53 Discovery Bay', 'C050', '+85221098767'),
('S157', '46 Maritime Square', 'C051', '+85224234568'),
('S158', '71 Container Port', 'C051', '+85224234569'),
('S159', '22 Landmark North', 'C052', '+85226789013'),
('S160', '49 Flora Plaza', 'C052', '+85226789014'),
('S161', '34 HKUST Road', 'C053', '+85227912346'),
('S162', '66 Beach Centre', 'C053', '+85227912347'),
('S163', '29 New Town Plaza', 'C054', '+85226345679'),
('S164', '57 City One', 'C054', '+85226345680'),
('S165', '42 Mega Mall', 'C055', '+85226567891'),
('S166', '73 Green Centre', 'C055', '+85226567892'),
('S167', '31 Discovery Park', 'C056', '+85224901235'),
('S168', '58 Citywalk', 'C056', '+85224901236'),
('S169', '44 V City', 'C057', '+85224567891'),
('S170', '79 Gold Coast', 'C057', '+85224567892'),
('S171', '25 Yoho Mall', 'C058', '+85224789013'),
('S172', '61 Landmark', 'C058', '+85224789014');

-- --------------------------------------------------------

--
-- Table structure for table `shop_city`
--

CREATE TABLE `shop_city` (
  `ID` char(4) NOT NULL,
  `City` varchar(40) NOT NULL,
  `CountryRegionID` char(2) NOT NULL
) ENGINE=InnoDB DEFAULT CHARSET=utf8mb4 COLLATE=utf8mb4_general_ci;

--
-- Dumping data for table `shop_city`
--

INSERT INTO `shop_city` (`ID`, `City`, `CountryRegionID`) VALUES
('C001', 'Tokyo', 'JP'),
('C002', 'Yokohama', 'JP'),
('C003', 'Osaka', 'JP'),
('C004', 'Nagoya', 'JP'),
('C005', 'Sapporo', 'JP'),
('C006', 'Fukuoka', 'JP'),
('C007', 'Kobe', 'JP'),
('C008', 'Kyoto', 'JP'),
('C009', 'Kawasaki', 'JP'),
('C010', 'Saitama', 'JP'),
('C011', 'Hiroshima', 'JP'),
('C012', 'Sendai', 'JP'),
('C013', 'Chiba', 'JP'),
('C014', 'Kitakyushu', 'JP'),
('C015', 'Okayama', 'JP'),
('C016', 'Kumamoto', 'JP'),
('C017', 'Shizuoka', 'JP'),
('C018', 'Hamamatsu', 'JP'),
('C019', 'Niigata', 'JP'),
('C020', 'Kagoshima', 'JP'),
('C021', 'New York', 'US'),
('C022', 'Los Angeles', 'US'),
('C023', 'Chicago', 'US'),
('C024', 'Houston', 'US'),
('C025', 'Phoenix', 'US'),
('C026', 'Philadelphia', 'US'),
('C027', 'San Antonio', 'US'),
('C028', 'San Diego', 'US'),
('C029', 'Dallas', 'US'),
('C030', 'San Jose', 'US'),
('C031', 'Austin', 'US'),
('C032', 'Jacksonville', 'US'),
('C033', 'San Francisco', 'US'),
('C034', 'Columbus', 'US'),
('C035', 'Seattle', 'US'),
('C036', 'Denver', 'US'),
('C037', 'Boston', 'US'),
('C038', 'Nashville', 'US'),
('C039', 'Las Vegas', 'US'),
('C040', 'Miami', 'US'),
('C041', 'Central and Western', 'HK'),
('C042', 'Eastern', 'HK'),
('C043', 'Southern', 'HK'),
('C044', 'Wan Chai', 'HK'),
('C045', 'Kowloon City', 'HK'),
('C046', 'Kwun Tong', 'HK'),
('C047', 'Sham Shui Po', 'HK'),
('C048', 'Wong Tai Sin', 'HK'),
('C049', 'Yau Tsim Mong', 'HK'),
('C050', 'Islands', 'HK'),
('C051', 'Kwai Tsing', 'HK'),
('C052', 'North', 'HK'),
('C053', 'Sai Kung', 'HK'),
('C054', 'Sha Tin', 'HK'),
('C055', 'Tai Po', 'HK'),
('C056', 'Tsuen Wan', 'HK'),
('C057', 'Tuen Mun', 'HK'),
('C058', 'Yuen Long', 'HK');

-- --------------------------------------------------------

--
-- Table structure for table `shop_fruit_order`
--

CREATE TABLE `shop_fruit_order` (
  `ID` char(5) NOT NULL,
  `ShopID` char(4) NOT NULL,
  `OrderDate` date NOT NULL,
  `DeliveryDate` date DEFAULT NULL,
  `Status` varchar(20) NOT NULL,
  `Notes` varchar(200) DEFAULT NULL
) ENGINE=InnoDB DEFAULT CHARSET=utf8mb4 COLLATE=utf8mb4_general_ci;

--
-- Dumping data for table `shop_fruit_order`
--

INSERT INTO `shop_fruit_order` (`ID`, `ShopID`, `OrderDate`, `DeliveryDate`, `Status`, `Notes`) VALUES
('O0001', 'S001', '2025-04-07', NULL, 'Pending', 'This is order 1'),
('O0002', 'S001', '2025-04-07', NULL, 'Pending', '');

-- --------------------------------------------------------

--
-- Table structure for table `shop_fruit_order_item`
--

CREATE TABLE `shop_fruit_order_item` (
  `OrderID` char(5) NOT NULL,
  `FruitID` char(4) NOT NULL,
  `Qty` int(5) NOT NULL
) ENGINE=InnoDB DEFAULT CHARSET=utf8mb4 COLLATE=utf8mb4_general_ci;

--
-- Dumping data for table `shop_fruit_order_item`
--

INSERT INTO `shop_fruit_order_item` (`OrderID`, `FruitID`, `Qty`) VALUES
('O0001', 'F001', 20),
('O0001', 'F003', 10),
('O0001', 'F005', 10),
('O0001', 'F007', 30),
('O0001', 'F010', 15),
('O0002', 'F002', 90),
('O0002', 'F009', 200),
('O0002', 'F012', 200),
('O0002', 'F015', 98);

-- --------------------------------------------------------

--
-- Table structure for table `shop_fruit_stock`
--

CREATE TABLE `shop_fruit_stock` (
  `ShopID` char(4) NOT NULL,
  `FruitID` char(4) NOT NULL,
  `Qty` int(5) NOT NULL
) ENGINE=InnoDB DEFAULT CHARSET=utf8mb4 COLLATE=utf8mb4_general_ci;

--
-- Dumping data for table `shop_fruit_stock`
--

INSERT INTO `shop_fruit_stock` (`ShopID`, `FruitID`, `Qty`) VALUES
('S001', 'F001', 40),
('S001', 'F002', 7),
('S001', 'F003', 113),
('S001', 'F004', 144),
('S001', 'F005', 180),
('S001', 'F006', 68),
('S001', 'F007', 1),
('S001', 'F008', 200),
('S001', 'F009', 197),
('S001', 'F010', 186),
('S001', 'F011', 137),
('S001', 'F012', 126),
('S001', 'F013', 20),
('S001', 'F014', 121),
('S001', 'F015', 143),
('S001', 'F016', 154),
('S001', 'F017', 139),
('S001', 'F018', 31),
('S002', 'F001', 141),
('S002', 'F002', 8),
('S002', 'F003', 20),
('S002', 'F004', 73),
('S002', 'F005', 103),
('S002', 'F006', 98),
('S002', 'F007', 178),
('S002', 'F008', 198),
('S002', 'F009', 55),
('S002', 'F010', 79),
('S002', 'F011', 32),
('S002', 'F012', 120),
('S002', 'F013', 105),
('S002', 'F014', 164),
('S002', 'F015', 103),
('S002', 'F016', 23),
('S002', 'F017', 4),
('S002', 'F018', 153),
('S003', 'F001', 150),
('S003', 'F002', 92),
('S003', 'F003', 11),
('S003', 'F004', 176),
('S003', 'F005', 46),
('S003', 'F006', 102),
('S003', 'F007', 173),
('S003', 'F008', 158),
('S003', 'F009', 71),
('S003', 'F010', 80),
('S003', 'F011', 187),
('S003', 'F012', 93),
('S003', 'F013', 106),
('S003', 'F014', 50),
('S003', 'F015', 130),
('S003', 'F016', 98),
('S003', 'F017', 102),
('S003', 'F018', 13),
('S004', 'F001', 160),
('S004', 'F002', 162),
('S004', 'F003', 127),
('S004', 'F004', 151),
('S004', 'F005', 171),
('S004', 'F006', 1),
('S004', 'F007', 91),
('S004', 'F008', 52),
('S004', 'F009', 187),
('S004', 'F010', 178),
('S004', 'F011', 127),
('S004', 'F012', 103),
('S004', 'F013', 131),
('S004', 'F014', 148),
('S004', 'F015', 147),
('S004', 'F016', 89),
('S004', 'F017', 2),
('S004', 'F018', 145),
('S005', 'F001', 116),
('S005', 'F002', 146),
('S005', 'F003', 183),
('S005', 'F004', 75),
('S005', 'F005', 28),
('S005', 'F006', 112),
('S005', 'F007', 76),
('S005', 'F008', 46),
('S005', 'F009', 198),
('S005', 'F010', 53),
('S005', 'F011', 71),
('S005', 'F012', 196),
('S005', 'F013', 166),
('S005', 'F014', 43),
('S005', 'F015', 117),
('S005', 'F016', 53),
('S005', 'F017', 116),
('S005', 'F018', 18),
('S006', 'F001', 141),
('S006', 'F002', 51),
('S006', 'F003', 33),
('S006', 'F004', 10),
('S006', 'F005', 153),
('S006', 'F006', 133),
('S006', 'F007', 6),
('S006', 'F008', 32),
('S006', 'F009', 141),
('S006', 'F010', 10),
('S006', 'F011', 24),
('S006', 'F012', 89),
('S006', 'F013', 175),
('S006', 'F014', 5),
('S006', 'F015', 102),
('S006', 'F016', 94),
('S006', 'F017', 163),
('S006', 'F018', 135),
('S007', 'F001', 182),
('S007', 'F002', 108),
('S007', 'F003', 190),
('S007', 'F004', 26),
('S007', 'F005', 161),
('S007', 'F006', 127),
('S007', 'F007', 152),
('S007', 'F008', 178),
('S007', 'F009', 32),
('S007', 'F010', 26),
('S007', 'F011', 35),
('S007', 'F012', 94),
('S007', 'F013', 167),
('S007', 'F014', 151),
('S007', 'F015', 55),
('S007', 'F016', 22),
('S007', 'F017', 142),
('S007', 'F018', 43),
('S008', 'F001', 188),
('S008', 'F002', 12),
('S008', 'F003', 94),
('S008', 'F004', 36),
('S008', 'F005', 94),
('S008', 'F006', 164),
('S008', 'F007', 137),
('S008', 'F008', 193),
('S008', 'F009', 154),
('S008', 'F010', 190),
('S008', 'F011', 87),
('S008', 'F012', 66),
('S008', 'F013', 69),
('S008', 'F014', 147),
('S008', 'F015', 126),
('S008', 'F016', 189),
('S008', 'F017', 166),
('S008', 'F018', 64),
('S009', 'F001', 22),
('S009', 'F002', 114),
('S009', 'F003', 107),
('S009', 'F004', 192),
('S009', 'F005', 38),
('S009', 'F006', 15),
('S009', 'F007', 160),
('S009', 'F008', 156),
('S009', 'F009', 99),
('S009', 'F010', 25),
('S009', 'F011', 26),
('S009', 'F012', 57),
('S009', 'F013', 6),
('S009', 'F014', 58),
('S009', 'F015', 73),
('S009', 'F016', 189),
('S009', 'F017', 127),
('S009', 'F018', 66),
('S010', 'F001', 149),
('S010', 'F002', 145),
('S010', 'F003', 78),
('S010', 'F004', 154),
('S010', 'F005', 137),
('S010', 'F006', 24),
('S010', 'F007', 105),
('S010', 'F008', 56),
('S010', 'F009', 161),
('S010', 'F010', 39),
('S010', 'F011', 111),
('S010', 'F012', 36),
('S010', 'F013', 47),
('S010', 'F014', 126),
('S010', 'F015', 89),
('S010', 'F016', 65),
('S010', 'F017', 60),
('S010', 'F018', 104),
('S011', 'F001', 139),
('S011', 'F002', 184),
('S011', 'F003', 101),
('S011', 'F004', 153),
('S011', 'F005', 60),
('S011', 'F006', 40),
('S011', 'F007', 20),
('S011', 'F008', 180),
('S011', 'F009', 38),
('S011', 'F010', 50),
('S011', 'F011', 136),
('S011', 'F012', 128),
('S011', 'F013', 32),
('S011', 'F014', 175),
('S011', 'F015', 181),
('S011', 'F016', 179),
('S011', 'F017', 151),
('S011', 'F018', 16),
('S012', 'F001', 28),
('S012', 'F002', 91),
('S012', 'F003', 170),
('S012', 'F004', 175),
('S012', 'F005', 166),
('S012', 'F006', 104),
('S012', 'F007', 22),
('S012', 'F008', 196),
('S012', 'F009', 116),
('S012', 'F010', 190),
('S012', 'F011', 3),
('S012', 'F012', 43),
('S012', 'F013', 8),
('S012', 'F014', 107),
('S012', 'F015', 113),
('S012', 'F016', 43),
('S012', 'F017', 76),
('S012', 'F018', 50),
('S013', 'F001', 20),
('S013', 'F002', 150),
('S013', 'F003', 92),
('S013', 'F004', 7),
('S013', 'F005', 158),
('S013', 'F006', 171),
('S013', 'F007', 179),
('S013', 'F008', 181),
('S013', 'F009', 167),
('S013', 'F010', 91),
('S013', 'F011', 155),
('S013', 'F012', 103),
('S013', 'F013', 48),
('S013', 'F014', 129),
('S013', 'F015', 101),
('S013', 'F016', 117),
('S013', 'F017', 84),
('S013', 'F018', 66),
('S014', 'F001', 76),
('S014', 'F002', 185),
('S014', 'F003', 94),
('S014', 'F004', 114),
('S014', 'F005', 88),
('S014', 'F006', 97),
('S014', 'F007', 23),
('S014', 'F008', 22),
('S014', 'F009', 41),
('S014', 'F010', 137),
('S014', 'F011', 164),
('S014', 'F012', 5),
('S014', 'F013', 136),
('S014', 'F014', 63),
('S014', 'F015', 108),
('S014', 'F016', 148),
('S014', 'F017', 16),
('S014', 'F018', 37),
('S015', 'F001', 137),
('S015', 'F002', 174),
('S015', 'F003', 58),
('S015', 'F004', 169),
('S015', 'F005', 70),
('S015', 'F006', 40),
('S015', 'F007', 191),
('S015', 'F008', 35),
('S015', 'F009', 200),
('S015', 'F010', 96),
('S015', 'F011', 78),
('S015', 'F012', 103),
('S015', 'F013', 81),
('S015', 'F014', 93),
('S015', 'F015', 23),
('S015', 'F016', 34),
('S015', 'F017', 99),
('S015', 'F018', 196),
('S016', 'F001', 82),
('S016', 'F002', 22),
('S016', 'F003', 62),
('S016', 'F004', 42),
('S016', 'F005', 27),
('S016', 'F006', 6),
('S016', 'F007', 150),
('S016', 'F008', 131),
('S016', 'F009', 3),
('S016', 'F010', 23),
('S016', 'F011', 107),
('S016', 'F012', 65),
('S016', 'F013', 4),
('S016', 'F014', 23),
('S016', 'F015', 103),
('S016', 'F016', 47),
('S016', 'F017', 126),
('S016', 'F018', 86),
('S017', 'F001', 52),
('S017', 'F002', 4),
('S017', 'F003', 62),
('S017', 'F004', 96),
('S017', 'F005', 96),
('S017', 'F006', 192),
('S017', 'F007', 70),
('S017', 'F008', 172),
('S017', 'F009', 50),
('S017', 'F010', 134),
('S017', 'F011', 119),
('S017', 'F012', 193),
('S017', 'F013', 8),
('S017', 'F014', 61),
('S017', 'F015', 79),
('S017', 'F016', 12),
('S017', 'F017', 22),
('S017', 'F018', 74),
('S018', 'F001', 102),
('S018', 'F002', 90),
('S018', 'F003', 142),
('S018', 'F004', 42),
('S018', 'F005', 181),
('S018', 'F006', 177),
('S018', 'F007', 144),
('S018', 'F008', 188),
('S018', 'F009', 109),
('S018', 'F010', 178),
('S018', 'F011', 163),
('S018', 'F012', 81),
('S018', 'F013', 117),
('S018', 'F014', 142),
('S018', 'F015', 157),
('S018', 'F016', 159),
('S018', 'F017', 124),
('S018', 'F018', 141),
('S019', 'F001', 132),
('S019', 'F002', 39),
('S019', 'F003', 199),
('S019', 'F004', 78),
('S019', 'F005', 191),
('S019', 'F006', 121),
('S019', 'F007', 33),
('S019', 'F008', 2),
('S019', 'F009', 110),
('S019', 'F010', 145),
('S019', 'F011', 193),
('S019', 'F012', 131),
('S019', 'F013', 76),
('S019', 'F014', 184),
('S019', 'F015', 94),
('S019', 'F016', 115),
('S019', 'F017', 95),
('S019', 'F018', 127),
('S020', 'F001', 152),
('S020', 'F002', 178),
('S020', 'F003', 32),
('S020', 'F004', 28),
('S020', 'F005', 42),
('S020', 'F006', 124),
('S020', 'F007', 95),
('S020', 'F008', 104),
('S020', 'F009', 32),
('S020', 'F010', 49),
('S020', 'F011', 148),
('S020', 'F012', 193),
('S020', 'F013', 119),
('S020', 'F014', 15),
('S020', 'F015', 116),
('S020', 'F016', 138),
('S020', 'F017', 139),
('S020', 'F018', 81),
('S021', 'F001', 186),
('S021', 'F002', 89),
('S021', 'F003', 86),
('S021', 'F004', 161),
('S021', 'F005', 148),
('S021', 'F006', 54),
('S021', 'F007', 28),
('S021', 'F008', 178),
('S021', 'F009', 4),
('S021', 'F010', 84),
('S021', 'F011', 8),
('S021', 'F012', 188),
('S021', 'F013', 115),
('S021', 'F014', 13),
('S021', 'F015', 117),
('S021', 'F016', 146),
('S021', 'F017', 177),
('S021', 'F018', 47),
('S022', 'F001', 103),
('S022', 'F002', 173),
('S022', 'F003', 156),
('S022', 'F004', 62),
('S022', 'F005', 40),
('S022', 'F006', 15),
('S022', 'F007', 154),
('S022', 'F008', 123),
('S022', 'F009', 154),
('S022', 'F010', 2),
('S022', 'F011', 145),
('S022', 'F012', 118),
('S022', 'F013', 156),
('S022', 'F014', 26),
('S022', 'F015', 62),
('S022', 'F016', 32),
('S022', 'F017', 172),
('S022', 'F018', 163),
('S023', 'F001', 99),
('S023', 'F002', 5),
('S023', 'F003', 127),
('S023', 'F004', 19),
('S023', 'F005', 112),
('S023', 'F006', 106),
('S023', 'F007', 190),
('S023', 'F008', 35),
('S023', 'F009', 3),
('S023', 'F010', 112),
('S023', 'F011', 147),
('S023', 'F012', 199),
('S023', 'F013', 154),
('S023', 'F014', 174),
('S023', 'F015', 4),
('S023', 'F016', 101),
('S023', 'F017', 90),
('S023', 'F018', 149),
('S024', 'F001', 75),
('S024', 'F002', 126),
('S024', 'F003', 3),
('S024', 'F004', 38),
('S024', 'F005', 179),
('S024', 'F006', 179),
('S024', 'F007', 161),
('S024', 'F008', 67),
('S024', 'F009', 49),
('S024', 'F010', 45),
('S024', 'F011', 77),
('S024', 'F012', 51),
('S024', 'F013', 23),
('S024', 'F014', 160),
('S024', 'F015', 130),
('S024', 'F016', 172),
('S024', 'F017', 67),
('S024', 'F018', 18),
('S025', 'F001', 92),
('S025', 'F002', 2),
('S025', 'F003', 136),
('S025', 'F004', 74),
('S025', 'F005', 161),
('S025', 'F006', 180),
('S025', 'F007', 20),
('S025', 'F008', 157),
('S025', 'F009', 127),
('S025', 'F010', 161),
('S025', 'F011', 26),
('S025', 'F012', 45),
('S025', 'F013', 148),
('S025', 'F014', 4),
('S025', 'F015', 177),
('S025', 'F016', 73),
('S025', 'F017', 31),
('S025', 'F018', 135),
('S026', 'F001', 181),
('S026', 'F002', 102),
('S026', 'F003', 168),
('S026', 'F004', 130),
('S026', 'F005', 146),
('S026', 'F006', 139),
('S026', 'F007', 59),
('S026', 'F008', 74),
('S026', 'F009', 195),
('S026', 'F010', 153),
('S026', 'F011', 180),
('S026', 'F012', 40),
('S026', 'F013', 61),
('S026', 'F014', 182),
('S026', 'F015', 129),
('S026', 'F016', 95),
('S026', 'F017', 91),
('S026', 'F018', 168),
('S027', 'F001', 166),
('S027', 'F002', 128),
('S027', 'F003', 139),
('S027', 'F004', 113),
('S027', 'F005', 148),
('S027', 'F006', 198),
('S027', 'F007', 148),
('S027', 'F008', 143),
('S027', 'F009', 73),
('S027', 'F010', 135),
('S027', 'F011', 55),
('S027', 'F012', 71),
('S027', 'F013', 189),
('S027', 'F014', 132),
('S027', 'F015', 91),
('S027', 'F016', 60),
('S027', 'F017', 28),
('S027', 'F018', 157),
('S028', 'F001', 100),
('S028', 'F002', 29),
('S028', 'F003', 46),
('S028', 'F004', 142),
('S028', 'F005', 171),
('S028', 'F006', 30),
('S028', 'F007', 34),
('S028', 'F008', 80),
('S028', 'F009', 98),
('S028', 'F010', 51),
('S028', 'F011', 159),
('S028', 'F012', 41),
('S028', 'F013', 126),
('S028', 'F014', 109),
('S028', 'F015', 166),
('S028', 'F016', 103),
('S028', 'F017', 17),
('S028', 'F018', 177),
('S029', 'F001', 31),
('S029', 'F002', 26),
('S029', 'F003', 34),
('S029', 'F004', 90),
('S029', 'F005', 150),
('S029', 'F006', 80),
('S029', 'F007', 147),
('S029', 'F008', 94),
('S029', 'F009', 30),
('S029', 'F010', 69),
('S029', 'F011', 54),
('S029', 'F012', 60),
('S029', 'F013', 141),
('S029', 'F014', 122),
('S029', 'F015', 187),
('S029', 'F016', 167),
('S029', 'F017', 74),
('S029', 'F018', 70),
('S030', 'F001', 127),
('S030', 'F002', 25),
('S030', 'F003', 141),
('S030', 'F004', 31),
('S030', 'F005', 131),
('S030', 'F006', 163),
('S030', 'F007', 22),
('S030', 'F008', 21),
('S030', 'F009', 39),
('S030', 'F010', 130),
('S030', 'F011', 132),
('S030', 'F012', 72),
('S030', 'F013', 162),
('S030', 'F014', 196),
('S030', 'F015', 91),
('S030', 'F016', 66),
('S030', 'F017', 56),
('S030', 'F018', 82),
('S031', 'F001', 44),
('S031', 'F002', 171),
('S031', 'F003', 121),
('S031', 'F004', 94),
('S031', 'F005', 107),
('S031', 'F006', 52),
('S031', 'F007', 138),
('S031', 'F008', 133),
('S031', 'F009', 52),
('S031', 'F010', 61),
('S031', 'F011', 148),
('S031', 'F012', 157),
('S031', 'F013', 141),
('S031', 'F014', 32),
('S031', 'F015', 136),
('S031', 'F016', 184),
('S031', 'F017', 112),
('S031', 'F018', 7),
('S032', 'F001', 100),
('S032', 'F002', 77),
('S032', 'F003', 84),
('S032', 'F004', 187),
('S032', 'F005', 86),
('S032', 'F006', 65),
('S032', 'F007', 68),
('S032', 'F008', 146),
('S032', 'F009', 123),
('S032', 'F010', 178),
('S032', 'F011', 119),
('S032', 'F012', 59),
('S032', 'F013', 140),
('S032', 'F014', 121),
('S032', 'F015', 186),
('S032', 'F016', 167),
('S032', 'F017', 77),
('S032', 'F018', 84),
('S033', 'F001', 186),
('S033', 'F002', 79),
('S033', 'F003', 37),
('S033', 'F004', 145),
('S033', 'F005', 15),
('S033', 'F006', 39),
('S033', 'F007', 149),
('S033', 'F008', 29),
('S033', 'F009', 95),
('S033', 'F010', 190),
('S033', 'F011', 65),
('S033', 'F012', 152),
('S033', 'F013', 166),
('S033', 'F014', 175),
('S033', 'F015', 174),
('S033', 'F016', 144),
('S033', 'F017', 197),
('S033', 'F018', 154),
('S034', 'F001', 178),
('S034', 'F002', 28),
('S034', 'F003', 3),
('S034', 'F004', 133),
('S034', 'F005', 55),
('S034', 'F006', 75),
('S034', 'F007', 10),
('S034', 'F008', 24),
('S034', 'F009', 89),
('S034', 'F010', 171),
('S034', 'F011', 190),
('S034', 'F012', 37),
('S034', 'F013', 14),
('S034', 'F014', 156),
('S034', 'F015', 141),
('S034', 'F016', 35),
('S034', 'F017', 153),
('S034', 'F018', 60),
('S035', 'F001', 38),
('S035', 'F002', 10),
('S035', 'F003', 136),
('S035', 'F004', 49),
('S035', 'F005', 37),
('S035', 'F006', 38),
('S035', 'F007', 78),
('S035', 'F008', 76),
('S035', 'F009', 147),
('S035', 'F010', 106),
('S035', 'F011', 90),
('S035', 'F012', 128),
('S035', 'F013', 172),
('S035', 'F014', 75),
('S035', 'F015', 59),
('S035', 'F016', 70),
('S035', 'F017', 173),
('S035', 'F018', 55),
('S036', 'F001', 156),
('S036', 'F002', 15),
('S036', 'F003', 5),
('S036', 'F004', 179),
('S036', 'F005', 78),
('S036', 'F006', 55),
('S036', 'F007', 40),
('S036', 'F008', 36),
('S036', 'F009', 57),
('S036', 'F010', 178),
('S036', 'F011', 116),
('S036', 'F012', 49),
('S036', 'F013', 94),
('S036', 'F014', 124),
('S036', 'F015', 138),
('S036', 'F016', 115),
('S036', 'F017', 163),
('S036', 'F018', 67),
('S037', 'F001', 47),
('S037', 'F002', 34),
('S037', 'F003', 29),
('S037', 'F004', 43),
('S037', 'F005', 125),
('S037', 'F006', 95),
('S037', 'F007', 101),
('S037', 'F008', 21),
('S037', 'F009', 200),
('S037', 'F010', 136),
('S037', 'F011', 82),
('S037', 'F012', 198),
('S037', 'F013', 146),
('S037', 'F014', 133),
('S037', 'F015', 28),
('S037', 'F016', 142),
('S037', 'F017', 26),
('S037', 'F018', 102),
('S038', 'F001', 31),
('S038', 'F002', 51),
('S038', 'F003', 160),
('S038', 'F004', 48),
('S038', 'F005', 156),
('S038', 'F006', 39),
('S038', 'F007', 126),
('S038', 'F008', 110),
('S038', 'F009', 174),
('S038', 'F010', 140),
('S038', 'F011', 177),
('S038', 'F012', 62),
('S038', 'F013', 180),
('S038', 'F014', 115),
('S038', 'F015', 35),
('S038', 'F016', 29),
('S038', 'F017', 39),
('S038', 'F018', 109),
('S039', 'F001', 25),
('S039', 'F002', 199),
('S039', 'F003', 119),
('S039', 'F004', 197),
('S039', 'F005', 29),
('S039', 'F006', 154),
('S039', 'F007', 80),
('S039', 'F008', 140),
('S039', 'F009', 61),
('S039', 'F010', 81),
('S039', 'F011', 23),
('S039', 'F012', 70),
('S039', 'F013', 80),
('S039', 'F014', 193),
('S039', 'F015', 121),
('S039', 'F016', 26),
('S039', 'F017', 167),
('S039', 'F018', 155),
('S040', 'F001', 74),
('S040', 'F002', 103),
('S040', 'F003', 95),
('S040', 'F004', 163),
('S040', 'F005', 132),
('S040', 'F006', 169),
('S040', 'F007', 51),
('S040', 'F008', 146),
('S040', 'F009', 176),
('S040', 'F010', 41),
('S040', 'F011', 78),
('S040', 'F012', 67),
('S040', 'F013', 102),
('S040', 'F014', 106),
('S040', 'F015', 24),
('S040', 'F016', 3),
('S040', 'F017', 143),
('S040', 'F018', 103),
('S041', 'F001', 86),
('S041', 'F002', 122),
('S041', 'F003', 152),
('S041', 'F004', 194),
('S041', 'F005', 112),
('S041', 'F006', 178),
('S041', 'F007', 153),
('S041', 'F008', 31),
('S041', 'F009', 95),
('S041', 'F010', 181),
('S041', 'F011', 19),
('S041', 'F012', 150),
('S041', 'F013', 95),
('S041', 'F014', 24),
('S041', 'F015', 36),
('S041', 'F016', 106),
('S041', 'F017', 23),
('S041', 'F018', 196),
('S042', 'F001', 110),
('S042', 'F002', 163),
('S042', 'F003', 83),
('S042', 'F004', 128),
('S042', 'F005', 188),
('S042', 'F006', 158),
('S042', 'F007', 23),
('S042', 'F008', 40),
('S042', 'F009', 133),
('S042', 'F010', 143),
('S042', 'F011', 117),
('S042', 'F012', 154),
('S042', 'F013', 17),
('S042', 'F014', 25),
('S042', 'F015', 73),
('S042', 'F016', 88),
('S042', 'F017', 20),
('S042', 'F018', 39),
('S043', 'F001', 131),
('S043', 'F002', 138),
('S043', 'F003', 96),
('S043', 'F004', 65),
('S043', 'F005', 37),
('S043', 'F006', 189),
('S043', 'F007', 36),
('S043', 'F008', 10),
('S043', 'F009', 143),
('S043', 'F010', 82),
('S043', 'F011', 184),
('S043', 'F012', 72),
('S043', 'F013', 6),
('S043', 'F014', 16),
('S043', 'F015', 59),
('S043', 'F016', 49),
('S043', 'F017', 66),
('S043', 'F018', 182),
('S044', 'F001', 114),
('S044', 'F002', 20),
('S044', 'F003', 160),
('S044', 'F004', 138),
('S044', 'F005', 11),
('S044', 'F006', 39),
('S044', 'F007', 160),
('S044', 'F008', 84),
('S044', 'F009', 139),
('S044', 'F010', 41),
('S044', 'F011', 191),
('S044', 'F012', 28),
('S044', 'F013', 167),
('S044', 'F014', 152),
('S044', 'F015', 56),
('S044', 'F016', 25),
('S044', 'F017', 157),
('S044', 'F018', 108),
('S045', 'F001', 71),
('S045', 'F002', 28),
('S045', 'F003', 127),
('S045', 'F004', 150),
('S045', 'F005', 168),
('S045', 'F006', 189),
('S045', 'F007', 43),
('S045', 'F008', 45),
('S045', 'F009', 95),
('S045', 'F010', 139),
('S045', 'F011', 11),
('S045', 'F012', 37),
('S045', 'F013', 152),
('S045', 'F014', 48),
('S045', 'F015', 184),
('S045', 'F016', 173),
('S045', 'F017', 115),
('S045', 'F018', 54),
('S046', 'F001', 124),
('S046', 'F002', 57),
('S046', 'F003', 113),
('S046', 'F004', 194),
('S046', 'F005', 31),
('S046', 'F006', 173),
('S046', 'F007', 172),
('S046', 'F008', 139),
('S046', 'F009', 179),
('S046', 'F010', 76),
('S046', 'F011', 45),
('S046', 'F012', 197),
('S046', 'F013', 47),
('S046', 'F014', 46),
('S046', 'F015', 87),
('S046', 'F016', 96),
('S046', 'F017', 19),
('S046', 'F018', 5),
('S047', 'F001', 168),
('S047', 'F002', 24),
('S047', 'F003', 16),
('S047', 'F004', 7),
('S047', 'F005', 185),
('S047', 'F006', 104),
('S047', 'F007', 165),
('S047', 'F008', 112),
('S047', 'F009', 64),
('S047', 'F010', 184),
('S047', 'F011', 130),
('S047', 'F012', 94),
('S047', 'F013', 82),
('S047', 'F014', 127),
('S047', 'F015', 190),
('S047', 'F016', 167),
('S047', 'F017', 66),
('S047', 'F018', 28),
('S048', 'F001', 140),
('S048', 'F002', 16),
('S048', 'F003', 60),
('S048', 'F004', 52),
('S048', 'F005', 79),
('S048', 'F006', 40),
('S048', 'F007', 160),
('S048', 'F008', 82),
('S048', 'F009', 127),
('S048', 'F010', 188),
('S048', 'F011', 160),
('S048', 'F012', 37),
('S048', 'F013', 101),
('S048', 'F014', 197),
('S048', 'F015', 80),
('S048', 'F016', 9),
('S048', 'F017', 4),
('S048', 'F018', 191),
('S049', 'F001', 142),
('S049', 'F002', 138),
('S049', 'F003', 64),
('S049', 'F004', 105),
('S049', 'F005', 133),
('S049', 'F006', 151),
('S049', 'F007', 153),
('S049', 'F008', 111),
('S049', 'F009', 97),
('S049', 'F010', 153),
('S049', 'F011', 71),
('S049', 'F012', 97),
('S049', 'F013', 70),
('S049', 'F014', 59),
('S049', 'F015', 84),
('S049', 'F016', 43),
('S049', 'F017', 163),
('S049', 'F018', 86),
('S050', 'F001', 139),
('S050', 'F002', 39),
('S050', 'F003', 177),
('S050', 'F004', 166),
('S050', 'F005', 100),
('S050', 'F006', 1),
('S050', 'F007', 105),
('S050', 'F008', 121),
('S050', 'F009', 89),
('S050', 'F010', 81),
('S050', 'F011', 139),
('S050', 'F012', 50),
('S050', 'F013', 34),
('S050', 'F014', 18),
('S050', 'F015', 189),
('S050', 'F016', 91),
('S050', 'F017', 86),
('S050', 'F018', 156),
('S051', 'F001', 122),
('S051', 'F002', 141),
('S051', 'F003', 139),
('S051', 'F004', 71),
('S051', 'F005', 139),
('S051', 'F006', 81),
('S051', 'F007', 186),
('S051', 'F008', 89),
('S051', 'F009', 83),
('S051', 'F010', 150),
('S051', 'F011', 101),
('S051', 'F012', 53),
('S051', 'F013', 162),
('S051', 'F014', 50),
('S051', 'F015', 163),
('S051', 'F016', 66),
('S051', 'F017', 39),
('S051', 'F018', 197),
('S052', 'F001', 69),
('S052', 'F002', 153),
('S052', 'F003', 156),
('S052', 'F004', 120),
('S052', 'F005', 133),
('S052', 'F006', 105),
('S052', 'F007', 125),
('S052', 'F008', 111),
('S052', 'F009', 177),
('S052', 'F010', 154),
('S052', 'F011', 37),
('S052', 'F012', 123),
('S052', 'F013', 102),
('S052', 'F014', 141),
('S052', 'F015', 199),
('S052', 'F016', 170),
('S052', 'F017', 54),
('S052', 'F018', 159),
('S053', 'F001', 33),
('S053', 'F002', 88),
('S053', 'F003', 142),
('S053', 'F004', 42),
('S053', 'F005', 185),
('S053', 'F006', 200),
('S053', 'F007', 41),
('S053', 'F008', 8),
('S053', 'F009', 113),
('S053', 'F010', 144),
('S053', 'F011', 178),
('S053', 'F012', 60),
('S053', 'F013', 163),
('S053', 'F014', 35),
('S053', 'F015', 85),
('S053', 'F016', 121),
('S053', 'F017', 150),
('S053', 'F018', 187),
('S054', 'F001', 85),
('S054', 'F002', 62),
('S054', 'F003', 56),
('S054', 'F004', 94),
('S054', 'F005', 99),
('S054', 'F006', 15),
('S054', 'F007', 178),
('S054', 'F008', 43),
('S054', 'F009', 81),
('S054', 'F010', 74),
('S054', 'F011', 127),
('S054', 'F012', 14),
('S054', 'F013', 86),
('S054', 'F014', 191),
('S054', 'F015', 93),
('S054', 'F016', 92),
('S054', 'F017', 180),
('S054', 'F018', 24),
('S055', 'F001', 178),
('S055', 'F002', 20),
('S055', 'F003', 164),
('S055', 'F004', 160),
('S055', 'F005', 106),
('S055', 'F006', 48),
('S055', 'F007', 125),
('S055', 'F008', 80),
('S055', 'F009', 22),
('S055', 'F010', 73),
('S055', 'F011', 95),
('S055', 'F012', 57),
('S055', 'F013', 200),
('S055', 'F014', 28),
('S055', 'F015', 139),
('S055', 'F016', 12),
('S055', 'F017', 43),
('S055', 'F018', 178),
('S056', 'F001', 162),
('S056', 'F002', 74),
('S056', 'F003', 84),
('S056', 'F004', 197),
('S056', 'F005', 134),
('S056', 'F006', 80),
('S056', 'F007', 194),
('S056', 'F008', 133),
('S056', 'F009', 79),
('S056', 'F010', 197),
('S056', 'F011', 148),
('S056', 'F012', 147),
('S056', 'F013', 91),
('S056', 'F014', 12),
('S056', 'F015', 186),
('S056', 'F016', 93),
('S056', 'F017', 110),
('S056', 'F018', 67),
('S057', 'F001', 8),
('S057', 'F002', 35),
('S057', 'F003', 153),
('S057', 'F004', 59),
('S057', 'F005', 34),
('S057', 'F006', 194),
('S057', 'F007', 69),
('S057', 'F008', 160),
('S057', 'F009', 194),
('S057', 'F010', 91),
('S057', 'F011', 71),
('S057', 'F012', 82),
('S057', 'F013', 198),
('S057', 'F014', 143),
('S057', 'F015', 121),
('S057', 'F016', 177),
('S057', 'F017', 118),
('S057', 'F018', 61),
('S058', 'F001', 150),
('S058', 'F002', 165),
('S058', 'F003', 174),
('S058', 'F004', 175),
('S058', 'F005', 152),
('S058', 'F006', 36),
('S058', 'F007', 123),
('S058', 'F008', 107),
('S058', 'F009', 166),
('S058', 'F010', 109),
('S058', 'F011', 46),
('S058', 'F012', 103),
('S058', 'F013', 177),
('S058', 'F014', 176),
('S058', 'F015', 149),
('S058', 'F016', 17),
('S058', 'F017', 38),
('S058', 'F018', 137),
('S059', 'F001', 170),
('S059', 'F002', 40),
('S059', 'F003', 90),
('S059', 'F004', 129),
('S059', 'F005', 172),
('S059', 'F006', 75),
('S059', 'F007', 59),
('S059', 'F008', 71),
('S059', 'F009', 174),
('S059', 'F010', 60),
('S059', 'F011', 175),
('S059', 'F012', 96),
('S059', 'F013', 152),
('S059', 'F014', 74),
('S059', 'F015', 112),
('S059', 'F016', 138),
('S059', 'F017', 154),
('S059', 'F018', 155),
('S060', 'F001', 111),
('S060', 'F002', 92),
('S060', 'F003', 124),
('S060', 'F004', 144),
('S060', 'F005', 147),
('S060', 'F006', 104),
('S060', 'F007', 78),
('S060', 'F008', 80),
('S060', 'F009', 162),
('S060', 'F010', 170),
('S060', 'F011', 163),
('S060', 'F012', 103),
('S060', 'F013', 28),
('S060', 'F014', 30),
('S060', 'F015', 65),
('S060', 'F016', 35),
('S060', 'F017', 178),
('S060', 'F018', 187),
('S061', 'F001', 198),
('S061', 'F002', 27),
('S061', 'F003', 144),
('S061', 'F004', 38),
('S061', 'F005', 156),
('S061', 'F006', 68),
('S061', 'F007', 70),
('S061', 'F008', 146),
('S061', 'F009', 117),
('S061', 'F010', 149),
('S061', 'F011', 194),
('S061', 'F012', 122),
('S061', 'F013', 27),
('S061', 'F014', 171),
('S061', 'F015', 171),
('S061', 'F016', 142),
('S061', 'F017', 197),
('S061', 'F018', 157),
('S062', 'F001', 194),
('S062', 'F002', 99),
('S062', 'F003', 114),
('S062', 'F004', 73),
('S062', 'F005', 20),
('S062', 'F006', 82),
('S062', 'F007', 149),
('S062', 'F008', 99),
('S062', 'F009', 48),
('S062', 'F010', 144),
('S062', 'F011', 174),
('S062', 'F012', 39),
('S062', 'F013', 72),
('S062', 'F014', 40),
('S062', 'F015', 185),
('S062', 'F016', 7),
('S062', 'F017', 76),
('S062', 'F018', 159),
('S063', 'F001', 168),
('S063', 'F002', 160),
('S063', 'F003', 97),
('S063', 'F004', 5),
('S063', 'F005', 133),
('S063', 'F006', 51),
('S063', 'F007', 56),
('S063', 'F008', 126),
('S063', 'F009', 63),
('S063', 'F010', 136),
('S063', 'F011', 90),
('S063', 'F012', 43),
('S063', 'F013', 144),
('S063', 'F014', 191),
('S063', 'F015', 122),
('S063', 'F016', 38),
('S063', 'F017', 23),
('S063', 'F018', 199),
('S064', 'F001', 126),
('S064', 'F002', 35),
('S064', 'F003', 193),
('S064', 'F004', 61),
('S064', 'F005', 125),
('S064', 'F006', 40),
('S064', 'F007', 27),
('S064', 'F008', 13),
('S064', 'F009', 185),
('S064', 'F010', 83),
('S064', 'F011', 60),
('S064', 'F012', 52),
('S064', 'F013', 79),
('S064', 'F014', 36),
('S064', 'F015', 145),
('S064', 'F016', 17),
('S064', 'F017', 50),
('S064', 'F018', 196),
('S065', 'F001', 32),
('S065', 'F002', 171),
('S065', 'F003', 157),
('S065', 'F004', 72),
('S065', 'F005', 89),
('S065', 'F006', 27),
('S065', 'F007', 70),
('S065', 'F008', 65),
('S065', 'F009', 118),
('S065', 'F010', 192),
('S065', 'F011', 5),
('S065', 'F012', 49),
('S065', 'F013', 31),
('S065', 'F014', 7),
('S065', 'F015', 142),
('S065', 'F016', 89),
('S065', 'F017', 18),
('S065', 'F018', 24),
('S066', 'F001', 177),
('S066', 'F002', 73),
('S066', 'F003', 34),
('S066', 'F004', 146),
('S066', 'F005', 34),
('S066', 'F006', 126),
('S066', 'F007', 131),
('S066', 'F008', 80),
('S066', 'F009', 3),
('S066', 'F010', 173),
('S066', 'F011', 60),
('S066', 'F012', 180),
('S066', 'F013', 120),
('S066', 'F014', 61),
('S066', 'F015', 145),
('S066', 'F016', 143),
('S066', 'F017', 80),
('S066', 'F018', 170),
('S067', 'F001', 13),
('S067', 'F002', 149),
('S067', 'F003', 111),
('S067', 'F004', 106),
('S067', 'F005', 199),
('S067', 'F006', 76),
('S067', 'F007', 183),
('S067', 'F008', 89),
('S067', 'F009', 96),
('S067', 'F010', 13),
('S067', 'F011', 173),
('S067', 'F012', 29),
('S067', 'F013', 26),
('S067', 'F014', 41),
('S067', 'F015', 125),
('S067', 'F016', 106),
('S067', 'F017', 153),
('S067', 'F018', 50),
('S068', 'F001', 186),
('S068', 'F002', 183),
('S068', 'F003', 160),
('S068', 'F004', 50),
('S068', 'F005', 168),
('S068', 'F006', 91),
('S068', 'F007', 151),
('S068', 'F008', 82),
('S068', 'F009', 157),
('S068', 'F010', 139),
('S068', 'F011', 25),
('S068', 'F012', 104),
('S068', 'F013', 46),
('S068', 'F014', 117),
('S068', 'F015', 49),
('S068', 'F016', 93),
('S068', 'F017', 119),
('S068', 'F018', 114),
('S069', 'F001', 17),
('S069', 'F002', 138),
('S069', 'F003', 44),
('S069', 'F004', 4),
('S069', 'F005', 85),
('S069', 'F006', 17),
('S069', 'F007', 28),
('S069', 'F008', 87),
('S069', 'F009', 151),
('S069', 'F010', 98),
('S069', 'F011', 35),
('S069', 'F012', 80),
('S069', 'F013', 97),
('S069', 'F014', 45),
('S069', 'F015', 130),
('S069', 'F016', 120),
('S069', 'F017', 9),
('S069', 'F018', 83),
('S070', 'F001', 186),
('S070', 'F002', 86),
('S070', 'F003', 71),
('S070', 'F004', 95),
('S070', 'F005', 62),
('S070', 'F006', 25),
('S070', 'F007', 137),
('S070', 'F008', 12),
('S070', 'F009', 49),
('S070', 'F010', 7),
('S070', 'F011', 88),
('S070', 'F012', 20),
('S070', 'F013', 35),
('S070', 'F014', 112),
('S070', 'F015', 59),
('S070', 'F016', 155),
('S070', 'F017', 2),
('S070', 'F018', 143),
('S071', 'F001', 111),
('S071', 'F002', 127),
('S071', 'F003', 101),
('S071', 'F004', 122),
('S071', 'F005', 108),
('S071', 'F006', 174),
('S071', 'F007', 150),
('S071', 'F008', 25),
('S071', 'F009', 72),
('S071', 'F010', 89),
('S071', 'F011', 26),
('S071', 'F012', 62),
('S071', 'F013', 35),
('S071', 'F014', 184),
('S071', 'F015', 21),
('S071', 'F016', 149),
('S071', 'F017', 86),
('S071', 'F018', 179),
('S072', 'F001', 39),
('S072', 'F002', 55),
('S072', 'F003', 158),
('S072', 'F004', 29),
('S072', 'F005', 68),
('S072', 'F006', 54),
('S072', 'F007', 64),
('S072', 'F008', 159),
('S072', 'F009', 4),
('S072', 'F010', 138),
('S072', 'F011', 83),
('S072', 'F012', 199),
('S072', 'F013', 149),
('S072', 'F014', 146),
('S072', 'F015', 86),
('S072', 'F016', 190),
('S072', 'F017', 96),
('S072', 'F018', 105),
('S073', 'F001', 40),
('S073', 'F002', 82),
('S073', 'F003', 91),
('S073', 'F004', 10),
('S073', 'F005', 176),
('S073', 'F006', 52),
('S073', 'F007', 130),
('S073', 'F008', 96),
('S073', 'F009', 87),
('S073', 'F010', 148),
('S073', 'F011', 82),
('S073', 'F012', 162),
('S073', 'F013', 167),
('S073', 'F014', 148),
('S073', 'F015', 39),
('S073', 'F016', 150),
('S073', 'F017', 37),
('S073', 'F018', 131),
('S074', 'F001', 146),
('S074', 'F002', 139),
('S074', 'F003', 55),
('S074', 'F004', 58),
('S074', 'F005', 123),
('S074', 'F006', 42),
('S074', 'F007', 41),
('S074', 'F008', 78),
('S074', 'F009', 67),
('S074', 'F010', 100),
('S074', 'F011', 102),
('S074', 'F012', 9),
('S074', 'F013', 138),
('S074', 'F014', 65),
('S074', 'F015', 110),
('S074', 'F016', 157),
('S074', 'F017', 54),
('S074', 'F018', 198),
('S075', 'F001', 31),
('S075', 'F002', 157),
('S075', 'F003', 97),
('S075', 'F004', 10),
('S075', 'F005', 158),
('S075', 'F006', 163),
('S075', 'F007', 140),
('S075', 'F008', 14),
('S075', 'F009', 45),
('S075', 'F010', 185),
('S075', 'F011', 191),
('S075', 'F012', 3),
('S075', 'F013', 37),
('S075', 'F014', 178),
('S075', 'F015', 179),
('S075', 'F016', 162),
('S075', 'F017', 74),
('S075', 'F018', 84),
('S076', 'F001', 195),
('S076', 'F002', 125),
('S076', 'F003', 38),
('S076', 'F004', 17),
('S076', 'F005', 167),
('S076', 'F006', 188),
('S076', 'F007', 39),
('S076', 'F008', 29),
('S076', 'F009', 26),
('S076', 'F010', 45),
('S076', 'F011', 147),
('S076', 'F012', 3),
('S076', 'F013', 168),
('S076', 'F014', 36),
('S076', 'F015', 72),
('S076', 'F016', 52),
('S076', 'F017', 44),
('S076', 'F018', 63),
('S077', 'F001', 185),
('S077', 'F002', 137),
('S077', 'F003', 129),
('S077', 'F004', 35),
('S077', 'F005', 187),
('S077', 'F006', 34),
('S077', 'F007', 3),
('S077', 'F008', 115),
('S077', 'F009', 167),
('S077', 'F010', 91),
('S077', 'F011', 152),
('S077', 'F012', 87),
('S077', 'F013', 177),
('S077', 'F014', 30),
('S077', 'F015', 13),
('S077', 'F016', 174),
('S077', 'F017', 37),
('S077', 'F018', 58),
('S078', 'F001', 178),
('S078', 'F002', 119),
('S078', 'F003', 60),
('S078', 'F004', 142),
('S078', 'F005', 133),
('S078', 'F006', 38),
('S078', 'F007', 188),
('S078', 'F008', 32),
('S078', 'F009', 192),
('S078', 'F010', 67),
('S078', 'F011', 157),
('S078', 'F012', 186),
('S078', 'F013', 59),
('S078', 'F014', 136),
('S078', 'F015', 105),
('S078', 'F016', 114),
('S078', 'F017', 57),
('S078', 'F018', 141),
('S079', 'F001', 136),
('S079', 'F002', 58),
('S079', 'F003', 79),
('S079', 'F004', 23),
('S079', 'F005', 74),
('S079', 'F006', 103),
('S079', 'F007', 94),
('S079', 'F008', 161),
('S079', 'F009', 122),
('S079', 'F010', 128),
('S079', 'F011', 75),
('S079', 'F012', 188),
('S079', 'F013', 116),
('S079', 'F014', 18),
('S079', 'F015', 139),
('S079', 'F016', 42),
('S079', 'F017', 190),
('S079', 'F018', 30),
('S080', 'F001', 175),
('S080', 'F002', 189),
('S080', 'F003', 21),
('S080', 'F004', 134),
('S080', 'F005', 9),
('S080', 'F006', 41),
('S080', 'F007', 177),
('S080', 'F008', 165),
('S080', 'F009', 95),
('S080', 'F010', 178),
('S080', 'F011', 6),
('S080', 'F012', 95),
('S080', 'F013', 59),
('S080', 'F014', 8),
('S080', 'F015', 62),
('S080', 'F016', 87),
('S080', 'F017', 49),
('S080', 'F018', 183),
('S081', 'F001', 171),
('S081', 'F002', 107),
('S081', 'F003', 22),
('S081', 'F004', 186),
('S081', 'F005', 68),
('S081', 'F006', 177),
('S081', 'F007', 86),
('S081', 'F008', 97),
('S081', 'F009', 29),
('S081', 'F010', 51),
('S081', 'F011', 168),
('S081', 'F012', 88),
('S081', 'F013', 136),
('S081', 'F014', 17),
('S081', 'F015', 75),
('S081', 'F016', 124),
('S081', 'F017', 196),
('S081', 'F018', 9),
('S082', 'F001', 52),
('S082', 'F002', 37),
('S082', 'F003', 27),
('S082', 'F004', 25),
('S082', 'F005', 43),
('S082', 'F006', 137),
('S082', 'F007', 161),
('S082', 'F008', 193),
('S082', 'F009', 85),
('S082', 'F010', 45),
('S082', 'F011', 169),
('S082', 'F012', 110),
('S082', 'F013', 43),
('S082', 'F014', 85),
('S082', 'F015', 95),
('S082', 'F016', 20),
('S082', 'F017', 14),
('S082', 'F018', 8),
('S083', 'F001', 198),
('S083', 'F002', 169),
('S083', 'F003', 53),
('S083', 'F004', 154),
('S083', 'F005', 16),
('S083', 'F006', 12),
('S083', 'F007', 13),
('S083', 'F008', 28),
('S083', 'F009', 103),
('S083', 'F010', 29),
('S083', 'F011', 36),
('S083', 'F012', 91),
('S083', 'F013', 150),
('S083', 'F014', 79),
('S083', 'F015', 141),
('S083', 'F016', 71),
('S083', 'F017', 128),
('S083', 'F018', 31),
('S084', 'F001', 167),
('S084', 'F002', 146),
('S084', 'F003', 31),
('S084', 'F004', 112),
('S084', 'F005', 67),
('S084', 'F006', 1),
('S084', 'F007', 1),
('S084', 'F008', 4),
('S084', 'F009', 13),
('S084', 'F010', 55),
('S084', 'F011', 36),
('S084', 'F012', 12),
('S084', 'F013', 153),
('S084', 'F014', 133),
('S084', 'F015', 5),
('S084', 'F016', 25),
('S084', 'F017', 107),
('S084', 'F018', 61),
('S085', 'F001', 181),
('S085', 'F002', 128),
('S085', 'F003', 97),
('S085', 'F004', 98),
('S085', 'F005', 199),
('S085', 'F006', 105),
('S085', 'F007', 124),
('S085', 'F008', 106),
('S085', 'F009', 160),
('S085', 'F010', 80),
('S085', 'F011', 122),
('S085', 'F012', 168),
('S085', 'F013', 77),
('S085', 'F014', 81),
('S085', 'F015', 172),
('S085', 'F016', 18),
('S085', 'F017', 170),
('S085', 'F018', 198),
('S086', 'F001', 84),
('S086', 'F002', 23),
('S086', 'F003', 60),
('S086', 'F004', 32),
('S086', 'F005', 180),
('S086', 'F006', 5),
('S086', 'F007', 84),
('S086', 'F008', 4),
('S086', 'F009', 167),
('S086', 'F010', 26),
('S086', 'F011', 25),
('S086', 'F012', 48),
('S086', 'F013', 162),
('S086', 'F014', 72),
('S086', 'F015', 69),
('S086', 'F016', 131),
('S086', 'F017', 48),
('S086', 'F018', 44),
('S087', 'F001', 79),
('S087', 'F002', 61),
('S087', 'F003', 70),
('S087', 'F004', 167),
('S087', 'F005', 25),
('S087', 'F006', 23),
('S087', 'F007', 38),
('S087', 'F008', 121),
('S087', 'F009', 91),
('S087', 'F010', 91),
('S087', 'F011', 183),
('S087', 'F012', 46),
('S087', 'F013', 77),
('S087', 'F014', 46),
('S087', 'F015', 198),
('S087', 'F016', 54),
('S087', 'F017', 75),
('S087', 'F018', 14),
('S088', 'F001', 41),
('S088', 'F002', 166),
('S088', 'F003', 106),
('S088', 'F004', 34),
('S088', 'F005', 49),
('S088', 'F006', 145),
('S088', 'F007', 179),
('S088', 'F008', 59),
('S088', 'F009', 156),
('S088', 'F010', 5),
('S088', 'F011', 156),
('S088', 'F012', 166),
('S088', 'F013', 164),
('S088', 'F014', 123),
('S088', 'F015', 120),
('S088', 'F016', 33),
('S088', 'F017', 1),
('S088', 'F018', 108),
('S089', 'F001', 138),
('S089', 'F002', 164),
('S089', 'F003', 8),
('S089', 'F004', 146),
('S089', 'F005', 107),
('S089', 'F006', 98),
('S089', 'F007', 166),
('S089', 'F008', 138),
('S089', 'F009', 191),
('S089', 'F010', 144),
('S089', 'F011', 145),
('S089', 'F012', 94),
('S089', 'F013', 35),
('S089', 'F014', 92),
('S089', 'F015', 156),
('S089', 'F016', 104),
('S089', 'F017', 51),
('S089', 'F018', 144),
('S090', 'F001', 167),
('S090', 'F002', 4),
('S090', 'F003', 115),
('S090', 'F004', 166),
('S090', 'F005', 87),
('S090', 'F006', 134),
('S090', 'F007', 12),
('S090', 'F008', 56),
('S090', 'F009', 46),
('S090', 'F010', 59),
('S090', 'F011', 157),
('S090', 'F012', 11),
('S090', 'F013', 180),
('S090', 'F014', 69),
('S090', 'F015', 5),
('S090', 'F016', 14),
('S090', 'F017', 57),
('S090', 'F018', 44),
('S091', 'F001', 49),
('S091', 'F002', 113),
('S091', 'F003', 17),
('S091', 'F004', 143),
('S091', 'F005', 68),
('S091', 'F006', 108),
('S091', 'F007', 139),
('S091', 'F008', 172),
('S091', 'F009', 41),
('S091', 'F010', 90),
('S091', 'F011', 126),
('S091', 'F012', 161),
('S091', 'F013', 26),
('S091', 'F014', 47),
('S091', 'F015', 155),
('S091', 'F016', 37),
('S091', 'F017', 118),
('S091', 'F018', 81),
('S092', 'F001', 50),
('S092', 'F002', 8),
('S092', 'F003', 89),
('S092', 'F004', 21),
('S092', 'F005', 37),
('S092', 'F006', 122),
('S092', 'F007', 102),
('S092', 'F008', 141),
('S092', 'F009', 2),
('S092', 'F010', 184),
('S092', 'F011', 119),
('S092', 'F012', 41),
('S092', 'F013', 45),
('S092', 'F014', 101),
('S092', 'F015', 171),
('S092', 'F016', 154),
('S092', 'F017', 58),
('S092', 'F018', 28),
('S093', 'F001', 162),
('S093', 'F002', 129),
('S093', 'F003', 160),
('S093', 'F004', 13),
('S093', 'F005', 182),
('S093', 'F006', 76),
('S093', 'F007', 31),
('S093', 'F008', 125),
('S093', 'F009', 132),
('S093', 'F010', 89),
('S093', 'F011', 45),
('S093', 'F012', 159),
('S093', 'F013', 62),
('S093', 'F014', 33),
('S093', 'F015', 176),
('S093', 'F016', 182),
('S093', 'F017', 184),
('S093', 'F018', 172),
('S094', 'F001', 111),
('S094', 'F002', 37),
('S094', 'F003', 53),
('S094', 'F004', 153),
('S094', 'F005', 9),
('S094', 'F006', 182),
('S094', 'F007', 88),
('S094', 'F008', 91),
('S094', 'F009', 192),
('S094', 'F010', 89),
('S094', 'F011', 68),
('S094', 'F012', 72),
('S094', 'F013', 156),
('S094', 'F014', 166),
('S094', 'F015', 161),
('S094', 'F016', 109),
('S094', 'F017', 60),
('S094', 'F018', 171),
('S095', 'F001', 76),
('S095', 'F002', 68),
('S095', 'F003', 110),
('S095', 'F004', 145),
('S095', 'F005', 197),
('S095', 'F006', 152),
('S095', 'F007', 169),
('S095', 'F008', 189),
('S095', 'F009', 39),
('S095', 'F010', 27),
('S095', 'F011', 15),
('S095', 'F012', 195),
('S095', 'F013', 134),
('S095', 'F014', 81),
('S095', 'F015', 6),
('S095', 'F016', 184),
('S095', 'F017', 103),
('S095', 'F018', 165),
('S096', 'F001', 115),
('S096', 'F002', 82),
('S096', 'F003', 64),
('S096', 'F004', 74),
('S096', 'F005', 176),
('S096', 'F006', 61),
('S096', 'F007', 173),
('S096', 'F008', 84),
('S096', 'F009', 101),
('S096', 'F010', 53),
('S096', 'F011', 162),
('S096', 'F012', 54),
('S096', 'F013', 179),
('S096', 'F014', 138),
('S096', 'F015', 152),
('S096', 'F016', 148),
('S096', 'F017', 82),
('S096', 'F018', 164),
('S097', 'F001', 176),
('S097', 'F002', 189),
('S097', 'F003', 18),
('S097', 'F004', 121),
('S097', 'F005', 151),
('S097', 'F006', 194),
('S097', 'F007', 118),
('S097', 'F008', 9),
('S097', 'F009', 87),
('S097', 'F010', 10),
('S097', 'F011', 185),
('S097', 'F012', 98),
('S097', 'F013', 134),
('S097', 'F014', 177),
('S097', 'F015', 84),
('S097', 'F016', 89),
('S097', 'F017', 193),
('S097', 'F018', 100),
('S098', 'F001', 119),
('S098', 'F002', 96),
('S098', 'F003', 120),
('S098', 'F004', 115),
('S098', 'F005', 17),
('S098', 'F006', 135),
('S098', 'F007', 26),
('S098', 'F008', 124),
('S098', 'F009', 144),
('S098', 'F010', 147),
('S098', 'F011', 106),
('S098', 'F012', 86),
('S098', 'F013', 112),
('S098', 'F014', 104),
('S098', 'F015', 185),
('S098', 'F016', 12),
('S098', 'F017', 103),
('S098', 'F018', 81),
('S099', 'F001', 96),
('S099', 'F002', 37),
('S099', 'F003', 96),
('S099', 'F004', 170),
('S099', 'F005', 165),
('S099', 'F006', 113),
('S099', 'F007', 72),
('S099', 'F008', 18),
('S099', 'F009', 75),
('S099', 'F010', 121),
('S099', 'F011', 182),
('S099', 'F012', 147),
('S099', 'F013', 188),
('S099', 'F014', 101),
('S099', 'F015', 141),
('S099', 'F016', 2),
('S099', 'F017', 184),
('S099', 'F018', 118),
('S100', 'F001', 39),
('S100', 'F002', 37),
('S100', 'F003', 70),
('S100', 'F004', 39),
('S100', 'F005', 182),
('S100', 'F006', 198),
('S100', 'F007', 44),
('S100', 'F008', 24),
('S100', 'F009', 185),
('S100', 'F010', 56),
('S100', 'F011', 123),
('S100', 'F012', 48),
('S100', 'F013', 69),
('S100', 'F014', 3),
('S100', 'F015', 6),
('S100', 'F016', 22),
('S100', 'F017', 91),
('S100', 'F018', 190),
('S101', 'F001', 81),
('S101', 'F002', 31),
('S101', 'F003', 110),
('S101', 'F004', 58),
('S101', 'F005', 159),
('S101', 'F006', 23),
('S101', 'F007', 37),
('S101', 'F008', 116),
('S101', 'F009', 69),
('S101', 'F010', 196),
('S101', 'F011', 176),
('S101', 'F012', 92),
('S101', 'F013', 130),
('S101', 'F014', 176),
('S101', 'F015', 92),
('S101', 'F016', 129),
('S101', 'F017', 171),
('S101', 'F018', 69),
('S102', 'F001', 31),
('S102', 'F002', 146),
('S102', 'F003', 38),
('S102', 'F004', 151),
('S102', 'F005', 43),
('S102', 'F006', 159),
('S102', 'F007', 68),
('S102', 'F008', 61),
('S102', 'F009', 102),
('S102', 'F010', 127),
('S102', 'F011', 129),
('S102', 'F012', 66),
('S102', 'F013', 142),
('S102', 'F014', 113),
('S102', 'F015', 139),
('S102', 'F016', 157),
('S102', 'F017', 168),
('S102', 'F018', 168),
('S103', 'F001', 138),
('S103', 'F002', 187),
('S103', 'F003', 122),
('S103', 'F004', 49),
('S103', 'F005', 76),
('S103', 'F006', 36),
('S103', 'F007', 150),
('S103', 'F008', 42),
('S103', 'F009', 159),
('S103', 'F010', 71),
('S103', 'F011', 78),
('S103', 'F012', 174),
('S103', 'F013', 39),
('S103', 'F014', 70),
('S103', 'F015', 36),
('S103', 'F016', 165),
('S103', 'F017', 123),
('S103', 'F018', 117),
('S104', 'F001', 16),
('S104', 'F002', 129),
('S104', 'F003', 199),
('S104', 'F004', 11),
('S104', 'F005', 55),
('S104', 'F006', 41),
('S104', 'F007', 38),
('S104', 'F008', 69),
('S104', 'F009', 31),
('S104', 'F010', 146),
('S104', 'F011', 40),
('S104', 'F012', 157),
('S104', 'F013', 71),
('S104', 'F014', 80),
('S104', 'F015', 186),
('S104', 'F016', 93),
('S104', 'F017', 106),
('S104', 'F018', 51),
('S105', 'F001', 135),
('S105', 'F002', 122),
('S105', 'F003', 8),
('S105', 'F004', 71),
('S105', 'F005', 132),
('S105', 'F006', 48),
('S105', 'F007', 41),
('S105', 'F008', 63),
('S105', 'F009', 192),
('S105', 'F010', 174),
('S105', 'F011', 95),
('S105', 'F012', 151),
('S105', 'F013', 72),
('S105', 'F014', 105),
('S105', 'F015', 110),
('S105', 'F016', 36),
('S105', 'F017', 49),
('S105', 'F018', 134),
('S106', 'F001', 125),
('S106', 'F002', 25),
('S106', 'F003', 146),
('S106', 'F004', 56),
('S106', 'F005', 43),
('S106', 'F006', 47),
('S106', 'F007', 103),
('S106', 'F008', 178),
('S106', 'F009', 179),
('S106', 'F010', 162),
('S106', 'F011', 75),
('S106', 'F012', 85),
('S106', 'F013', 2),
('S106', 'F014', 151),
('S106', 'F015', 152),
('S106', 'F016', 107),
('S106', 'F017', 81),
('S106', 'F018', 83),
('S107', 'F001', 169),
('S107', 'F002', 199),
('S107', 'F003', 89),
('S107', 'F004', 48),
('S107', 'F005', 171),
('S107', 'F006', 112),
('S107', 'F007', 47),
('S107', 'F008', 98),
('S107', 'F009', 149),
('S107', 'F010', 53),
('S107', 'F011', 17),
('S107', 'F012', 124),
('S107', 'F013', 169),
('S107', 'F014', 76),
('S107', 'F015', 72),
('S107', 'F016', 131),
('S107', 'F017', 40),
('S107', 'F018', 6),
('S108', 'F001', 107),
('S108', 'F002', 121),
('S108', 'F003', 84),
('S108', 'F004', 58),
('S108', 'F005', 36),
('S108', 'F006', 4),
('S108', 'F007', 111),
('S108', 'F008', 143),
('S108', 'F009', 185),
('S108', 'F010', 96),
('S108', 'F011', 124),
('S108', 'F012', 131),
('S108', 'F013', 84),
('S108', 'F014', 26),
('S108', 'F015', 79),
('S108', 'F016', 116),
('S108', 'F017', 145),
('S108', 'F018', 178),
('S109', 'F001', 58),
('S109', 'F002', 150),
('S109', 'F003', 177),
('S109', 'F004', 38),
('S109', 'F005', 56),
('S109', 'F006', 165),
('S109', 'F007', 59),
('S109', 'F008', 196),
('S109', 'F009', 9),
('S109', 'F010', 52),
('S109', 'F011', 35),
('S109', 'F012', 16),
('S109', 'F013', 174),
('S109', 'F014', 25),
('S109', 'F015', 199),
('S109', 'F016', 123),
('S109', 'F017', 17),
('S109', 'F018', 115),
('S110', 'F001', 125),
('S110', 'F002', 82),
('S110', 'F003', 33),
('S110', 'F004', 120),
('S110', 'F005', 99),
('S110', 'F006', 138),
('S110', 'F007', 191),
('S110', 'F008', 143),
('S110', 'F009', 142),
('S110', 'F010', 80),
('S110', 'F011', 174),
('S110', 'F012', 33),
('S110', 'F013', 40),
('S110', 'F014', 99),
('S110', 'F015', 177),
('S110', 'F016', 188),
('S110', 'F017', 10),
('S110', 'F018', 84),
('S111', 'F001', 189),
('S111', 'F002', 96),
('S111', 'F003', 110),
('S111', 'F004', 65),
('S111', 'F005', 193),
('S111', 'F006', 173),
('S111', 'F007', 84),
('S111', 'F008', 101),
('S111', 'F009', 53),
('S111', 'F010', 159),
('S111', 'F011', 40),
('S111', 'F012', 122),
('S111', 'F013', 92),
('S111', 'F014', 91),
('S111', 'F015', 178),
('S111', 'F016', 21),
('S111', 'F017', 167),
('S111', 'F018', 175),
('S112', 'F001', 174),
('S112', 'F002', 147),
('S112', 'F003', 14),
('S112', 'F004', 27),
('S112', 'F005', 92),
('S112', 'F006', 181),
('S112', 'F007', 31),
('S112', 'F008', 8),
('S112', 'F009', 146),
('S112', 'F010', 110),
('S112', 'F011', 109),
('S112', 'F012', 15),
('S112', 'F013', 146),
('S112', 'F014', 90),
('S112', 'F015', 8),
('S112', 'F016', 169),
('S112', 'F017', 24),
('S112', 'F018', 11),
('S113', 'F001', 182),
('S113', 'F002', 79),
('S113', 'F003', 50),
('S113', 'F004', 10),
('S113', 'F005', 100),
('S113', 'F006', 72),
('S113', 'F007', 58),
('S113', 'F008', 75),
('S113', 'F009', 2),
('S113', 'F010', 182),
('S113', 'F011', 107),
('S113', 'F012', 188),
('S113', 'F013', 20),
('S113', 'F014', 134),
('S113', 'F015', 12),
('S113', 'F016', 53),
('S113', 'F017', 33),
('S113', 'F018', 5),
('S114', 'F001', 125),
('S114', 'F002', 14),
('S114', 'F003', 90),
('S114', 'F004', 9),
('S114', 'F005', 172),
('S114', 'F006', 35),
('S114', 'F007', 60),
('S114', 'F008', 193),
('S114', 'F009', 189),
('S114', 'F010', 167),
('S114', 'F011', 68),
('S114', 'F012', 39),
('S114', 'F013', 189),
('S114', 'F014', 29),
('S114', 'F015', 176),
('S114', 'F016', 195),
('S114', 'F017', 48),
('S114', 'F018', 52),
('S115', 'F001', 118),
('S115', 'F002', 35),
('S115', 'F003', 20),
('S115', 'F004', 192),
('S115', 'F005', 104),
('S115', 'F006', 143),
('S115', 'F007', 6),
('S115', 'F008', 194),
('S115', 'F009', 159),
('S115', 'F010', 11),
('S115', 'F011', 176),
('S115', 'F012', 52),
('S115', 'F013', 126),
('S115', 'F014', 79),
('S115', 'F015', 14),
('S115', 'F016', 34),
('S115', 'F017', 128),
('S115', 'F018', 137),
('S116', 'F001', 104),
('S116', 'F002', 105),
('S116', 'F003', 17),
('S116', 'F004', 166),
('S116', 'F005', 184),
('S116', 'F006', 20),
('S116', 'F007', 147),
('S116', 'F008', 77),
('S116', 'F009', 142),
('S116', 'F010', 80),
('S116', 'F011', 173),
('S116', 'F012', 28),
('S116', 'F013', 17),
('S116', 'F014', 2),
('S116', 'F015', 159),
('S116', 'F016', 189),
('S116', 'F017', 71),
('S116', 'F018', 185),
('S117', 'F001', 115),
('S117', 'F002', 19),
('S117', 'F003', 148),
('S117', 'F004', 87),
('S117', 'F005', 188),
('S117', 'F006', 83),
('S117', 'F007', 48),
('S117', 'F008', 190),
('S117', 'F009', 10),
('S117', 'F010', 77),
('S117', 'F011', 156),
('S117', 'F012', 150),
('S117', 'F013', 84),
('S117', 'F014', 168),
('S117', 'F015', 190),
('S117', 'F016', 48),
('S117', 'F017', 66),
('S117', 'F018', 184),
('S118', 'F001', 127),
('S118', 'F002', 81),
('S118', 'F003', 23),
('S118', 'F004', 70),
('S118', 'F005', 84),
('S118', 'F006', 9),
('S118', 'F007', 191),
('S118', 'F008', 130),
('S118', 'F009', 77),
('S118', 'F010', 192),
('S118', 'F011', 135),
('S118', 'F012', 96),
('S118', 'F013', 75),
('S118', 'F014', 87),
('S118', 'F015', 8),
('S118', 'F016', 179),
('S118', 'F017', 73),
('S118', 'F018', 25),
('S119', 'F001', 106),
('S119', 'F002', 58),
('S119', 'F003', 171),
('S119', 'F004', 84),
('S119', 'F005', 104),
('S119', 'F006', 70),
('S119', 'F007', 35),
('S119', 'F008', 166),
('S119', 'F009', 124),
('S119', 'F010', 125),
('S119', 'F011', 53),
('S119', 'F012', 86),
('S119', 'F013', 74),
('S119', 'F014', 112),
('S119', 'F015', 137),
('S119', 'F016', 151),
('S119', 'F017', 144),
('S119', 'F018', 67),
('S120', 'F001', 100),
('S120', 'F002', 103),
('S120', 'F003', 12),
('S120', 'F004', 152),
('S120', 'F005', 125),
('S120', 'F006', 167),
('S120', 'F007', 63),
('S120', 'F008', 10),
('S120', 'F009', 62),
('S120', 'F010', 81),
('S120', 'F011', 17),
('S120', 'F012', 40),
('S120', 'F013', 151),
('S120', 'F014', 37),
('S120', 'F015', 127),
('S120', 'F016', 128),
('S120', 'F017', 57),
('S120', 'F018', 101),
('S121', 'F001', 134),
('S121', 'F002', 170),
('S121', 'F003', 46),
('S121', 'F004', 118),
('S121', 'F005', 54),
('S121', 'F006', 114),
('S121', 'F007', 8),
('S121', 'F008', 96),
('S121', 'F009', 57),
('S121', 'F010', 196),
('S121', 'F011', 13),
('S121', 'F012', 75),
('S121', 'F013', 137),
('S121', 'F014', 60),
('S121', 'F015', 86),
('S121', 'F016', 51),
('S121', 'F017', 198),
('S121', 'F018', 38),
('S122', 'F001', 193),
('S122', 'F002', 53),
('S122', 'F003', 86),
('S122', 'F004', 69),
('S122', 'F005', 87),
('S122', 'F006', 28),
('S122', 'F007', 79),
('S122', 'F008', 113),
('S122', 'F009', 127),
('S122', 'F010', 97),
('S122', 'F011', 105),
('S122', 'F012', 32),
('S122', 'F013', 43),
('S122', 'F014', 118),
('S122', 'F015', 64),
('S122', 'F016', 166),
('S122', 'F017', 39),
('S122', 'F018', 93),
('S123', 'F001', 150),
('S123', 'F002', 74),
('S123', 'F003', 116),
('S123', 'F004', 161),
('S123', 'F005', 56),
('S123', 'F006', 194),
('S123', 'F007', 5),
('S123', 'F008', 43),
('S123', 'F009', 196),
('S123', 'F010', 54),
('S123', 'F011', 82),
('S123', 'F012', 50),
('S123', 'F013', 199),
('S123', 'F014', 51),
('S123', 'F015', 56),
('S123', 'F016', 124),
('S123', 'F017', 57),
('S123', 'F018', 108),
('S124', 'F001', 172),
('S124', 'F002', 136),
('S124', 'F003', 165),
('S124', 'F004', 18),
('S124', 'F005', 191),
('S124', 'F006', 104),
('S124', 'F007', 147),
('S124', 'F008', 23),
('S124', 'F009', 71),
('S124', 'F010', 89),
('S124', 'F011', 32),
('S124', 'F012', 92),
('S124', 'F013', 165),
('S124', 'F014', 149),
('S124', 'F015', 51),
('S124', 'F016', 6),
('S124', 'F017', 75),
('S124', 'F018', 159),
('S125', 'F001', 171),
('S125', 'F002', 180),
('S125', 'F003', 188),
('S125', 'F004', 199),
('S125', 'F005', 31),
('S125', 'F006', 154),
('S125', 'F007', 81),
('S125', 'F008', 142),
('S125', 'F009', 69),
('S125', 'F010', 116),
('S125', 'F011', 173),
('S125', 'F012', 120),
('S125', 'F013', 80),
('S125', 'F014', 39),
('S125', 'F015', 153),
('S125', 'F016', 50),
('S125', 'F017', 187),
('S125', 'F018', 190),
('S126', 'F001', 188),
('S126', 'F002', 170),
('S126', 'F003', 86),
('S126', 'F004', 119),
('S126', 'F005', 140),
('S126', 'F006', 142),
('S126', 'F007', 88),
('S126', 'F008', 17),
('S126', 'F009', 19),
('S126', 'F010', 42),
('S126', 'F011', 154),
('S126', 'F012', 48),
('S126', 'F013', 173),
('S126', 'F014', 123),
('S126', 'F015', 98),
('S126', 'F016', 121),
('S126', 'F017', 110),
('S126', 'F018', 185),
('S127', 'F001', 197),
('S127', 'F002', 33),
('S127', 'F003', 172),
('S127', 'F004', 160),
('S127', 'F005', 87),
('S127', 'F006', 153),
('S127', 'F007', 106),
('S127', 'F008', 69),
('S127', 'F009', 29),
('S127', 'F010', 136),
('S127', 'F011', 194),
('S127', 'F012', 163),
('S127', 'F013', 33),
('S127', 'F014', 75),
('S127', 'F015', 76),
('S127', 'F016', 157),
('S127', 'F017', 155),
('S127', 'F018', 104),
('S128', 'F001', 57),
('S128', 'F002', 171),
('S128', 'F003', 88),
('S128', 'F004', 124),
('S128', 'F005', 157),
('S128', 'F006', 13),
('S128', 'F007', 193),
('S128', 'F008', 130),
('S128', 'F009', 69),
('S128', 'F010', 152),
('S128', 'F011', 154),
('S128', 'F012', 117),
('S128', 'F013', 123),
('S128', 'F014', 63),
('S128', 'F015', 146),
('S128', 'F016', 144),
('S128', 'F017', 80),
('S128', 'F018', 167),
('S129', 'F001', 195),
('S129', 'F002', 75),
('S129', 'F003', 187),
('S129', 'F004', 114),
('S129', 'F005', 9),
('S129', 'F006', 99),
('S129', 'F007', 69),
('S129', 'F008', 49),
('S129', 'F009', 38),
('S129', 'F010', 40),
('S129', 'F011', 87),
('S129', 'F012', 117),
('S129', 'F013', 122),
('S129', 'F014', 62),
('S129', 'F015', 143),
('S129', 'F016', 129),
('S129', 'F017', 17),
('S129', 'F018', 97),
('S130', 'F001', 35),
('S130', 'F002', 83),
('S130', 'F003', 112),
('S130', 'F004', 108),
('S130', 'F005', 6),
('S130', 'F006', 105),
('S130', 'F007', 109),
('S130', 'F008', 28),
('S130', 'F009', 13),
('S130', 'F010', 178),
('S130', 'F011', 56),
('S130', 'F012', 143),
('S130', 'F013', 150),
('S130', 'F014', 122),
('S130', 'F015', 158),
('S130', 'F016', 24),
('S130', 'F017', 45),
('S130', 'F018', 154),
('S131', 'F001', 35),
('S131', 'F002', 110),
('S131', 'F003', 49),
('S131', 'F004', 112),
('S131', 'F005', 13),
('S131', 'F006', 129),
('S131', 'F007', 6),
('S131', 'F008', 40),
('S131', 'F009', 182),
('S131', 'F010', 193),
('S131', 'F011', 21),
('S131', 'F012', 120),
('S131', 'F013', 140),
('S131', 'F014', 141),
('S131', 'F015', 85),
('S131', 'F016', 1),
('S131', 'F017', 148),
('S131', 'F018', 138),
('S132', 'F001', 48),
('S132', 'F002', 25),
('S132', 'F003', 178),
('S132', 'F004', 21),
('S132', 'F005', 166),
('S132', 'F006', 168),
('S132', 'F007', 145),
('S132', 'F008', 23),
('S132', 'F009', 74),
('S132', 'F010', 103),
('S132', 'F011', 92),
('S132', 'F012', 152),
('S132', 'F013', 85),
('S132', 'F014', 166),
('S132', 'F015', 178),
('S132', 'F016', 191),
('S132', 'F017', 21),
('S132', 'F018', 132),
('S133', 'F001', 198),
('S133', 'F002', 196),
('S133', 'F003', 187),
('S133', 'F004', 146),
('S133', 'F005', 171),
('S133', 'F006', 16),
('S133', 'F007', 163),
('S133', 'F008', 172),
('S133', 'F009', 171),
('S133', 'F010', 140),
('S133', 'F011', 186),
('S133', 'F012', 112),
('S133', 'F013', 2),
('S133', 'F014', 71),
('S133', 'F015', 148),
('S133', 'F016', 130),
('S133', 'F017', 5),
('S133', 'F018', 35),
('S134', 'F001', 158),
('S134', 'F002', 89),
('S134', 'F003', 168),
('S134', 'F004', 173),
('S134', 'F005', 164),
('S134', 'F006', 100),
('S134', 'F007', 10),
('S134', 'F008', 145),
('S134', 'F009', 99),
('S134', 'F010', 61),
('S134', 'F011', 6),
('S134', 'F012', 46),
('S134', 'F013', 14),
('S134', 'F014', 130),
('S134', 'F015', 10),
('S134', 'F016', 58),
('S134', 'F017', 59),
('S134', 'F018', 121),
('S135', 'F001', 28),
('S135', 'F002', 176),
('S135', 'F003', 198),
('S135', 'F004', 63),
('S135', 'F005', 118),
('S135', 'F006', 4),
('S135', 'F007', 62),
('S135', 'F008', 97),
('S135', 'F009', 102),
('S135', 'F010', 18),
('S135', 'F011', 182),
('S135', 'F012', 61),
('S135', 'F013', 156),
('S135', 'F014', 199),
('S135', 'F015', 129),
('S135', 'F016', 45),
('S135', 'F017', 40),
('S135', 'F018', 62),
('S136', 'F001', 191),
('S136', 'F002', 171),
('S136', 'F003', 82),
('S136', 'F004', 98),
('S136', 'F005', 42),
('S136', 'F006', 114),
('S136', 'F007', 48),
('S136', 'F008', 96),
('S136', 'F009', 136),
('S136', 'F010', 192);
INSERT INTO `shop_fruit_stock` (`ShopID`, `FruitID`, `Qty`) VALUES
('S136', 'F011', 154),
('S136', 'F012', 192),
('S136', 'F013', 101),
('S136', 'F014', 126),
('S136', 'F015', 130),
('S136', 'F016', 72),
('S136', 'F017', 170),
('S136', 'F018', 35),
('S137', 'F001', 62),
('S137', 'F002', 4),
('S137', 'F003', 34),
('S137', 'F004', 158),
('S137', 'F005', 90),
('S137', 'F006', 175),
('S137', 'F007', 6),
('S137', 'F008', 103),
('S137', 'F009', 99),
('S137', 'F010', 186),
('S137', 'F011', 34),
('S137', 'F012', 9),
('S137', 'F013', 144),
('S137', 'F014', 95),
('S137', 'F015', 44),
('S137', 'F016', 130),
('S137', 'F017', 121),
('S137', 'F018', 16),
('S138', 'F001', 113),
('S138', 'F002', 120),
('S138', 'F003', 63),
('S138', 'F004', 152),
('S138', 'F005', 172),
('S138', 'F006', 8),
('S138', 'F007', 117),
('S138', 'F008', 165),
('S138', 'F009', 74),
('S138', 'F010', 75),
('S138', 'F011', 153),
('S138', 'F012', 140),
('S138', 'F013', 44),
('S138', 'F014', 196),
('S138', 'F015', 51),
('S138', 'F016', 65),
('S138', 'F017', 173),
('S138', 'F018', 72),
('S139', 'F001', 40),
('S139', 'F002', 184),
('S139', 'F003', 1),
('S139', 'F004', 51),
('S139', 'F005', 53),
('S139', 'F006', 112),
('S139', 'F007', 1),
('S139', 'F008', 69),
('S139', 'F009', 140),
('S139', 'F010', 97),
('S139', 'F011', 64),
('S139', 'F012', 27),
('S139', 'F013', 141),
('S139', 'F014', 28),
('S139', 'F015', 116),
('S139', 'F016', 96),
('S139', 'F017', 131),
('S139', 'F018', 168),
('S140', 'F001', 50),
('S140', 'F002', 143),
('S140', 'F003', 166),
('S140', 'F004', 1),
('S140', 'F005', 105),
('S140', 'F006', 125),
('S140', 'F007', 108),
('S140', 'F008', 166),
('S140', 'F009', 107),
('S140', 'F010', 38),
('S140', 'F011', 68),
('S140', 'F012', 28),
('S140', 'F013', 131),
('S140', 'F014', 173),
('S140', 'F015', 74),
('S140', 'F016', 50),
('S140', 'F017', 29),
('S140', 'F018', 193),
('S141', 'F001', 81),
('S141', 'F002', 26),
('S141', 'F003', 84),
('S141', 'F004', 144),
('S141', 'F005', 70),
('S141', 'F006', 115),
('S141', 'F007', 164),
('S141', 'F008', 77),
('S141', 'F009', 93),
('S141', 'F010', 36),
('S141', 'F011', 96),
('S141', 'F012', 176),
('S141', 'F013', 192),
('S141', 'F014', 33),
('S141', 'F015', 184),
('S141', 'F016', 26),
('S141', 'F017', 174),
('S141', 'F018', 193),
('S142', 'F001', 45),
('S142', 'F002', 46),
('S142', 'F003', 91),
('S142', 'F004', 120),
('S142', 'F005', 128),
('S142', 'F006', 79),
('S142', 'F007', 12),
('S142', 'F008', 20),
('S142', 'F009', 64),
('S142', 'F010', 63),
('S142', 'F011', 119),
('S142', 'F012', 10),
('S142', 'F013', 89),
('S142', 'F014', 18),
('S142', 'F015', 20),
('S142', 'F016', 48),
('S142', 'F017', 177),
('S142', 'F018', 146),
('S143', 'F001', 199),
('S143', 'F002', 158),
('S143', 'F003', 191),
('S143', 'F004', 84),
('S143', 'F005', 45),
('S143', 'F006', 170),
('S143', 'F007', 119),
('S143', 'F008', 82),
('S143', 'F009', 54),
('S143', 'F010', 24),
('S143', 'F011', 156),
('S143', 'F012', 111),
('S143', 'F013', 85),
('S143', 'F014', 91),
('S143', 'F015', 2),
('S143', 'F016', 135),
('S143', 'F017', 70),
('S143', 'F018', 146),
('S144', 'F001', 119),
('S144', 'F002', 158),
('S144', 'F003', 35),
('S144', 'F004', 96),
('S144', 'F005', 176),
('S144', 'F006', 196),
('S144', 'F007', 52),
('S144', 'F008', 69),
('S144', 'F009', 187),
('S144', 'F010', 132),
('S144', 'F011', 100),
('S144', 'F012', 103),
('S144', 'F013', 14),
('S144', 'F014', 159),
('S144', 'F015', 157),
('S144', 'F016', 107),
('S144', 'F017', 66),
('S144', 'F018', 6),
('S145', 'F001', 30),
('S145', 'F002', 132),
('S145', 'F003', 174),
('S145', 'F004', 73),
('S145', 'F005', 44),
('S145', 'F006', 198),
('S145', 'F007', 60),
('S145', 'F008', 106),
('S145', 'F009', 149),
('S145', 'F010', 30),
('S145', 'F011', 100),
('S145', 'F012', 10),
('S145', 'F013', 147),
('S145', 'F014', 107),
('S145', 'F015', 94),
('S145', 'F016', 151),
('S145', 'F017', 72),
('S145', 'F018', 104),
('S146', 'F001', 106),
('S146', 'F002', 20),
('S146', 'F003', 180),
('S146', 'F004', 41),
('S146', 'F005', 62),
('S146', 'F006', 188),
('S146', 'F007', 157),
('S146', 'F008', 19),
('S146', 'F009', 22),
('S146', 'F010', 55),
('S146', 'F011', 7),
('S146', 'F012', 68),
('S146', 'F013', 122),
('S146', 'F014', 8),
('S146', 'F015', 73),
('S146', 'F016', 138),
('S146', 'F017', 72),
('S146', 'F018', 145),
('S147', 'F001', 112),
('S147', 'F002', 123),
('S147', 'F003', 80),
('S147', 'F004', 30),
('S147', 'F005', 110),
('S147', 'F006', 60),
('S147', 'F007', 171),
('S147', 'F008', 75),
('S147', 'F009', 61),
('S147', 'F010', 79),
('S147', 'F011', 11),
('S147', 'F012', 19),
('S147', 'F013', 59),
('S147', 'F014', 38),
('S147', 'F015', 14),
('S147', 'F016', 153),
('S147', 'F017', 126),
('S147', 'F018', 173),
('S148', 'F001', 86),
('S148', 'F002', 109),
('S148', 'F003', 86),
('S148', 'F004', 106),
('S148', 'F005', 69),
('S148', 'F006', 29),
('S148', 'F007', 136),
('S148', 'F008', 195),
('S148', 'F009', 166),
('S148', 'F010', 47),
('S148', 'F011', 135),
('S148', 'F012', 135),
('S148', 'F013', 71),
('S148', 'F014', 148),
('S148', 'F015', 131),
('S148', 'F016', 9),
('S148', 'F017', 49),
('S148', 'F018', 17),
('S149', 'F001', 139),
('S149', 'F002', 47),
('S149', 'F003', 17),
('S149', 'F004', 142),
('S149', 'F005', 60),
('S149', 'F006', 72),
('S149', 'F007', 179),
('S149', 'F008', 83),
('S149', 'F009', 75),
('S149', 'F010', 126),
('S149', 'F011', 8),
('S149', 'F012', 59),
('S149', 'F013', 73),
('S149', 'F014', 187),
('S149', 'F015', 119),
('S149', 'F016', 34),
('S149', 'F017', 10),
('S149', 'F018', 148),
('S150', 'F001', 111),
('S150', 'F002', 112),
('S150', 'F003', 26),
('S150', 'F004', 190),
('S150', 'F005', 79),
('S150', 'F006', 22),
('S150', 'F007', 71),
('S150', 'F008', 91),
('S150', 'F009', 40),
('S150', 'F010', 128),
('S150', 'F011', 122),
('S150', 'F012', 27),
('S150', 'F013', 164),
('S150', 'F014', 142),
('S150', 'F015', 20),
('S150', 'F016', 71),
('S150', 'F017', 97),
('S150', 'F018', 71),
('S151', 'F001', 63),
('S151', 'F002', 102),
('S151', 'F003', 121),
('S151', 'F004', 98),
('S151', 'F005', 126),
('S151', 'F006', 140),
('S151', 'F007', 120),
('S151', 'F008', 181),
('S151', 'F009', 148),
('S151', 'F010', 194),
('S151', 'F011', 130),
('S151', 'F012', 67),
('S151', 'F013', 141),
('S151', 'F014', 108),
('S151', 'F015', 116),
('S151', 'F016', 57),
('S151', 'F017', 136),
('S151', 'F018', 111),
('S152', 'F001', 147),
('S152', 'F002', 3),
('S152', 'F003', 172),
('S152', 'F004', 53),
('S152', 'F005', 147),
('S152', 'F006', 176),
('S152', 'F007', 42),
('S152', 'F008', 78),
('S152', 'F009', 64),
('S152', 'F010', 84),
('S152', 'F011', 32),
('S152', 'F012', 105),
('S152', 'F013', 29),
('S152', 'F014', 28),
('S152', 'F015', 55),
('S152', 'F016', 188),
('S152', 'F017', 178),
('S152', 'F018', 128),
('S153', 'F001', 103),
('S153', 'F002', 131),
('S153', 'F003', 145),
('S153', 'F004', 134),
('S153', 'F005', 37),
('S153', 'F006', 178),
('S153', 'F007', 183),
('S153', 'F008', 180),
('S153', 'F009', 151),
('S153', 'F010', 16),
('S153', 'F011', 24),
('S153', 'F012', 71),
('S153', 'F013', 84),
('S153', 'F014', 9),
('S153', 'F015', 190),
('S153', 'F016', 124),
('S153', 'F017', 52),
('S153', 'F018', 88),
('S154', 'F001', 81),
('S154', 'F002', 143),
('S154', 'F003', 74),
('S154', 'F004', 137),
('S154', 'F005', 66),
('S154', 'F006', 116),
('S154', 'F007', 183),
('S154', 'F008', 169),
('S154', 'F009', 98),
('S154', 'F010', 182),
('S154', 'F011', 18),
('S154', 'F012', 140),
('S154', 'F013', 47),
('S154', 'F014', 13),
('S154', 'F015', 124),
('S154', 'F016', 183),
('S154', 'F017', 144),
('S154', 'F018', 170),
('S155', 'F001', 22),
('S155', 'F002', 193),
('S155', 'F003', 105),
('S155', 'F004', 144),
('S155', 'F005', 7),
('S155', 'F006', 197),
('S155', 'F007', 168),
('S155', 'F008', 52),
('S155', 'F009', 153),
('S155', 'F010', 10),
('S155', 'F011', 189),
('S155', 'F012', 117),
('S155', 'F013', 17),
('S155', 'F014', 130),
('S155', 'F015', 5),
('S155', 'F016', 30),
('S155', 'F017', 137),
('S155', 'F018', 197),
('S156', 'F001', 174),
('S156', 'F002', 80),
('S156', 'F003', 75),
('S156', 'F004', 136),
('S156', 'F005', 56),
('S156', 'F006', 69),
('S156', 'F007', 179),
('S156', 'F008', 90),
('S156', 'F009', 110),
('S156', 'F010', 80),
('S156', 'F011', 69),
('S156', 'F012', 106),
('S156', 'F013', 123),
('S156', 'F014', 98),
('S156', 'F015', 120),
('S156', 'F016', 108),
('S156', 'F017', 180),
('S156', 'F018', 178),
('S157', 'F001', 151),
('S157', 'F002', 18),
('S157', 'F003', 38),
('S157', 'F004', 135),
('S157', 'F005', 161),
('S157', 'F006', 2),
('S157', 'F007', 123),
('S157', 'F008', 13),
('S157', 'F009', 92),
('S157', 'F010', 25),
('S157', 'F011', 46),
('S157', 'F012', 155),
('S157', 'F013', 40),
('S157', 'F014', 130),
('S157', 'F015', 135),
('S157', 'F016', 82),
('S157', 'F017', 6),
('S157', 'F018', 181),
('S158', 'F001', 91),
('S158', 'F002', 109),
('S158', 'F003', 73),
('S158', 'F004', 37),
('S158', 'F005', 165),
('S158', 'F006', 118),
('S158', 'F007', 93),
('S158', 'F008', 112),
('S158', 'F009', 80),
('S158', 'F010', 64),
('S158', 'F011', 79),
('S158', 'F012', 3),
('S158', 'F013', 176),
('S158', 'F014', 76),
('S158', 'F015', 51),
('S158', 'F016', 26),
('S158', 'F017', 174),
('S158', 'F018', 193),
('S159', 'F001', 48),
('S159', 'F002', 58),
('S159', 'F003', 144),
('S159', 'F004', 149),
('S159', 'F005', 113),
('S159', 'F006', 116),
('S159', 'F007', 42),
('S159', 'F008', 62),
('S159', 'F009', 182),
('S159', 'F010', 129),
('S159', 'F011', 96),
('S159', 'F012', 95),
('S159', 'F013', 184),
('S159', 'F014', 38),
('S159', 'F015', 34),
('S159', 'F016', 55),
('S159', 'F017', 176),
('S159', 'F018', 115),
('S160', 'F001', 48),
('S160', 'F002', 92),
('S160', 'F003', 117),
('S160', 'F004', 108),
('S160', 'F005', 189),
('S160', 'F006', 25),
('S160', 'F007', 154),
('S160', 'F008', 99),
('S160', 'F009', 33),
('S160', 'F010', 66),
('S160', 'F011', 31),
('S160', 'F012', 153),
('S160', 'F013', 78),
('S160', 'F014', 130),
('S160', 'F015', 16),
('S160', 'F016', 87),
('S160', 'F017', 189),
('S160', 'F018', 84),
('S161', 'F001', 51),
('S161', 'F002', 6),
('S161', 'F003', 73),
('S161', 'F004', 148),
('S161', 'F005', 124),
('S161', 'F006', 173),
('S161', 'F007', 94),
('S161', 'F008', 152),
('S161', 'F009', 77),
('S161', 'F010', 127),
('S161', 'F011', 6),
('S161', 'F012', 47),
('S161', 'F013', 17),
('S161', 'F014', 141),
('S161', 'F015', 58),
('S161', 'F016', 67),
('S161', 'F017', 159),
('S161', 'F018', 196),
('S162', 'F001', 103),
('S162', 'F002', 125),
('S162', 'F003', 119),
('S162', 'F004', 21),
('S162', 'F005', 146),
('S162', 'F006', 70),
('S162', 'F007', 110),
('S162', 'F008', 139),
('S162', 'F009', 167),
('S162', 'F010', 19),
('S162', 'F011', 192),
('S162', 'F012', 105),
('S162', 'F013', 148),
('S162', 'F014', 28),
('S162', 'F015', 90),
('S162', 'F016', 169),
('S162', 'F017', 177),
('S162', 'F018', 177),
('S163', 'F001', 157),
('S163', 'F002', 54),
('S163', 'F003', 194),
('S163', 'F004', 15),
('S163', 'F005', 87),
('S163', 'F006', 191),
('S163', 'F007', 97),
('S163', 'F008', 112),
('S163', 'F009', 67),
('S163', 'F010', 1),
('S163', 'F011', 2),
('S163', 'F012', 5),
('S163', 'F013', 21),
('S163', 'F014', 87),
('S163', 'F015', 173),
('S163', 'F016', 5),
('S163', 'F017', 105),
('S163', 'F018', 110),
('S164', 'F001', 34),
('S164', 'F002', 41),
('S164', 'F003', 103),
('S164', 'F004', 192),
('S164', 'F005', 52),
('S164', 'F006', 81),
('S164', 'F007', 51),
('S164', 'F008', 9),
('S164', 'F009', 94),
('S164', 'F010', 43),
('S164', 'F011', 133),
('S164', 'F012', 136),
('S164', 'F013', 83),
('S164', 'F014', 7),
('S164', 'F015', 184),
('S164', 'F016', 101),
('S164', 'F017', 151),
('S164', 'F018', 55),
('S165', 'F001', 18),
('S165', 'F002', 127),
('S165', 'F003', 179),
('S165', 'F004', 118),
('S165', 'F005', 52),
('S165', 'F006', 105),
('S165', 'F007', 167),
('S165', 'F008', 124),
('S165', 'F009', 118),
('S165', 'F010', 18),
('S165', 'F011', 135),
('S165', 'F012', 23),
('S165', 'F013', 105),
('S165', 'F014', 60),
('S165', 'F015', 183),
('S165', 'F016', 139),
('S165', 'F017', 143),
('S165', 'F018', 99),
('S166', 'F001', 67),
('S166', 'F002', 35),
('S166', 'F003', 175),
('S166', 'F004', 174),
('S166', 'F005', 142),
('S166', 'F006', 191),
('S166', 'F007', 128),
('S166', 'F008', 66),
('S166', 'F009', 145),
('S166', 'F010', 130),
('S166', 'F011', 13),
('S166', 'F012', 73),
('S166', 'F013', 127),
('S166', 'F014', 16),
('S166', 'F015', 97),
('S166', 'F016', 41),
('S166', 'F017', 109),
('S166', 'F018', 26),
('S167', 'F001', 199),
('S167', 'F002', 119),
('S167', 'F003', 1),
('S167', 'F004', 44),
('S167', 'F005', 18),
('S167', 'F006', 155),
('S167', 'F007', 126),
('S167', 'F008', 164),
('S167', 'F009', 43),
('S167', 'F010', 118),
('S167', 'F011', 66),
('S167', 'F012', 173),
('S167', 'F013', 70),
('S167', 'F014', 27),
('S167', 'F015', 126),
('S167', 'F016', 149),
('S167', 'F017', 168),
('S167', 'F018', 194),
('S168', 'F001', 68),
('S168', 'F002', 154),
('S168', 'F003', 166),
('S168', 'F004', 171),
('S168', 'F005', 157),
('S168', 'F006', 70),
('S168', 'F007', 81),
('S168', 'F008', 194),
('S168', 'F009', 127),
('S168', 'F010', 56),
('S168', 'F011', 96),
('S168', 'F012', 111),
('S168', 'F013', 69),
('S168', 'F014', 10),
('S168', 'F015', 41),
('S168', 'F016', 174),
('S168', 'F017', 149),
('S168', 'F018', 25),
('S169', 'F001', 76),
('S169', 'F002', 106),
('S169', 'F003', 102),
('S169', 'F004', 193),
('S169', 'F005', 62),
('S169', 'F006', 126),
('S169', 'F007', 47),
('S169', 'F008', 56),
('S169', 'F009', 137),
('S169', 'F010', 120),
('S169', 'F011', 188),
('S169', 'F012', 181),
('S169', 'F013', 142),
('S169', 'F014', 168),
('S169', 'F015', 13),
('S169', 'F016', 157),
('S169', 'F017', 150),
('S169', 'F018', 80),
('S170', 'F001', 149),
('S170', 'F002', 106),
('S170', 'F003', 84),
('S170', 'F004', 99),
('S170', 'F005', 43),
('S170', 'F006', 119),
('S170', 'F007', 67),
('S170', 'F008', 177),
('S170', 'F009', 85),
('S170', 'F010', 95),
('S170', 'F011', 19),
('S170', 'F012', 7),
('S170', 'F013', 176),
('S170', 'F014', 63),
('S170', 'F015', 187),
('S170', 'F016', 147),
('S170', 'F017', 174),
('S170', 'F018', 29),
('S171', 'F001', 23),
('S171', 'F002', 24),
('S171', 'F003', 54),
('S171', 'F004', 197),
('S171', 'F005', 26),
('S171', 'F006', 136),
('S171', 'F007', 3),
('S171', 'F008', 7),
('S171', 'F009', 24),
('S171', 'F010', 97),
('S171', 'F011', 17),
('S171', 'F012', 192),
('S171', 'F013', 112),
('S171', 'F014', 181),
('S171', 'F015', 171),
('S171', 'F016', 112),
('S171', 'F017', 46),
('S171', 'F018', 94),
('S172', 'F001', 131),
('S172', 'F002', 176),
('S172', 'F003', 88),
('S172', 'F004', 111),
('S172', 'F005', 91),
('S172', 'F006', 123),
('S172', 'F007', 139),
('S172', 'F008', 129),
('S172', 'F009', 28),
('S172', 'F010', 152),
('S172', 'F011', 79),
('S172', 'F012', 137),
('S172', 'F013', 51),
('S172', 'F014', 40),
('S172', 'F015', 46),
('S172', 'F016', 109),
('S172', 'F017', 11),
('S172', 'F018', 124);

-- --------------------------------------------------------

--
-- Table structure for table `shop_staff`
--

CREATE TABLE `shop_staff` (
  `ID` char(3) NOT NULL,
  `StaffName` varchar(50) NOT NULL,
  `ShopID` char(4) NOT NULL,
  `UserID` char(5) NOT NULL
) ENGINE=InnoDB DEFAULT CHARSET=utf8mb4 COLLATE=utf8mb4_general_ci;

--
-- Dumping data for table `shop_staff`
--

INSERT INTO `shop_staff` (`ID`, `StaffName`, `ShopID`, `UserID`) VALUES
('001', 'Alvin', 'S001', 'U001');

-- --------------------------------------------------------

--
-- Table structure for table `user`
--

CREATE TABLE `user` (
  `UserID` char(5) NOT NULL,
  `UserName` varchar(50) NOT NULL,
  `Password` varchar(100) NOT NULL
) ENGINE=InnoDB DEFAULT CHARSET=utf8mb4 COLLATE=utf8mb4_general_ci;

--
-- Dumping data for table `user`
--

INSERT INTO `user` (`UserID`, `UserName`, `Password`) VALUES
('U001', 'User 1', '7VMRVdnaqD2rjKgdc4PSkA=='),
('U002', 'User 2', 'Aw7uB0qKuHrV1v5jqHtPhw=='),
('U003', 'User 3', 'CpWhvOs//62LN7EVZk60ew==');

-- --------------------------------------------------------

--
-- Table structure for table `warehouse`
--

CREATE TABLE `warehouse` (
  `ID` char(4) NOT NULL,
  `CountryRegionID` char(2) DEFAULT NULL,
  `Type` enum('Central','Source') NOT NULL,
  `PhoneNumber` varchar(20) NOT NULL
) ENGINE=InnoDB DEFAULT CHARSET=utf8mb4 COLLATE=utf8mb4_general_ci;

--
-- Dumping data for table `warehouse`
--

INSERT INTO `warehouse` (`ID`, `CountryRegionID`, `Type`, `PhoneNumber`) VALUES
('W001', 'JP', 'Central', '+81 3-1234-5678'),
('W002', 'US', 'Central', '+1 212-987-6543'),
('W003', 'HK', 'Central', '+852 2345 6789'),
('W004', 'CN', 'Source', '+44 20 7946 0823');

-- --------------------------------------------------------

--
-- Table structure for table `warehouse_fruit_stock`
--

CREATE TABLE `warehouse_fruit_stock` (
  `WarehouseID` char(4) NOT NULL,
  `FruitID` char(4) NOT NULL,
  `Qty` int(5) NOT NULL
) ENGINE=InnoDB DEFAULT CHARSET=utf8mb4 COLLATE=utf8mb4_general_ci;

--
-- Dumping data for table `warehouse_fruit_stock`
--

INSERT INTO `warehouse_fruit_stock` (`WarehouseID`, `FruitID`, `Qty`) VALUES
('W001', 'F001', 92),
('W001', 'F002', 108),
('W001', 'F003', 66),
('W001', 'F004', 7),
('W001', 'F005', 34),
('W001', 'F006', 149),
('W001', 'F007', 41),
('W001', 'F008', 160),
('W001', 'F009', 74),
('W001', 'F010', 91),
('W001', 'F011', 33),
('W001', 'F012', 89),
('W001', 'F013', 147),
('W001', 'F014', 67),
('W001', 'F015', 93),
('W001', 'F016', 65),
('W001', 'F017', 46),
('W001', 'F018', 35),
('W002', 'F001', 35),
('W002', 'F002', 68),
('W002', 'F003', 36),
('W002', 'F004', 174),
('W002', 'F005', 164),
('W002', 'F006', 96),
('W002', 'F007', 187),
('W002', 'F008', 46),
('W002', 'F009', 71),
('W002', 'F010', 15),
('W002', 'F011', 60),
('W002', 'F012', 57),
('W002', 'F013', 104),
('W002', 'F014', 147),
('W002', 'F015', 22),
('W002', 'F016', 70),
('W002', 'F017', 85),
('W002', 'F018', 13),
('W003', 'F001', 10),
('W003', 'F002', 11),
('W003', 'F003', 23),
('W003', 'F004', 83),
('W003', 'F005', 145),
('W003', 'F006', 74),
('W003', 'F007', 135),
('W003', 'F008', 54),
('W003', 'F009', 65),
('W003', 'F010', 164),
('W003', 'F011', 21),
('W003', 'F012', 15),
('W003', 'F013', 9),
('W003', 'F014', 200),
('W003', 'F015', 175),
('W003', 'F016', 73),
('W003', 'F017', 41),
('W003', 'F018', 183);

-- --------------------------------------------------------

--
-- Table structure for table `warehouse_staff`
--

CREATE TABLE `warehouse_staff` (
  `ID` char(3) NOT NULL,
  `StaffName` varchar(50) NOT NULL,
  `WarehouseID` char(4) NOT NULL,
  `UserID` char(5) NOT NULL
) ENGINE=InnoDB DEFAULT CHARSET=utf8mb4 COLLATE=utf8mb4_general_ci;

--
-- Dumping data for table `warehouse_staff`
--

INSERT INTO `warehouse_staff` (`ID`, `StaffName`, `WarehouseID`, `UserID`) VALUES
('001', 'Peter', 'W001', 'U002'),
('002', 'Tom', 'W004', 'U003');

--
-- Indexes for dumped tables
--

--
-- Indexes for table `country_region`
--
ALTER TABLE `country_region`
  ADD PRIMARY KEY (`ID`);

--
-- Indexes for table `fruit`
--
ALTER TABLE `fruit`
  ADD PRIMARY KEY (`ID`),
  ADD KEY `FruitCityID_fk` (`FruitCityID`);

--
-- Indexes for table `fruit_city`
--
ALTER TABLE `fruit_city`
  ADD PRIMARY KEY (`ID`),
  ADD KEY `country_region_fk` (`CountryRegionID`);

--
-- Indexes for table `shop`
--
ALTER TABLE `shop`
  ADD PRIMARY KEY (`ID`),
  ADD KEY `city_fk` (`City`);

--
-- Indexes for table `shop_city`
--
ALTER TABLE `shop_city`
  ADD PRIMARY KEY (`ID`),
  ADD KEY `FK_shop_city_country_region` (`CountryRegionID`);

--
-- Indexes for table `shop_fruit_order`
--
ALTER TABLE `shop_fruit_order`
  ADD PRIMARY KEY (`ID`),
  ADD KEY `ShopID_fk2` (`ShopID`);

--
-- Indexes for table `shop_fruit_order_item`
--
ALTER TABLE `shop_fruit_order_item`
  ADD PRIMARY KEY (`OrderID`,`FruitID`),
  ADD KEY `FruitID_fk2` (`FruitID`);

--
-- Indexes for table `shop_fruit_stock`
--
ALTER TABLE `shop_fruit_stock`
  ADD PRIMARY KEY (`ShopID`,`FruitID`),
  ADD KEY `FruitID_fk` (`FruitID`);

--
-- Indexes for table `shop_staff`
--
ALTER TABLE `shop_staff`
  ADD PRIMARY KEY (`ID`),
  ADD KEY `ShopID` (`ShopID`),
  ADD KEY `UserID` (`UserID`);

--
-- Indexes for table `user`
--
ALTER TABLE `user`
  ADD PRIMARY KEY (`UserID`);

--
-- Indexes for table `warehouse`
--
ALTER TABLE `warehouse`
  ADD PRIMARY KEY (`ID`),
  ADD KEY `c_fk` (`CountryRegionID`);

--
-- Indexes for table `warehouse_fruit_stock`
--
ALTER TABLE `warehouse_fruit_stock`
  ADD PRIMARY KEY (`WarehouseID`,`FruitID`),
  ADD KEY `FruitID` (`FruitID`);

--
-- Indexes for table `warehouse_staff`
--
ALTER TABLE `warehouse_staff`
  ADD PRIMARY KEY (`ID`),
  ADD KEY `WarehouseID` (`WarehouseID`),
  ADD KEY `UserID` (`UserID`);

--
-- Constraints for dumped tables
--

--
-- Constraints for table `fruit`
--
ALTER TABLE `fruit`
  ADD CONSTRAINT `FruitCityID_fk` FOREIGN KEY (`FruitCityID`) REFERENCES `fruit_city` (`ID`);

--
-- Constraints for table `fruit_city`
--
ALTER TABLE `fruit_city`
  ADD CONSTRAINT `country_region_fk` FOREIGN KEY (`CountryRegionID`) REFERENCES `country_region` (`ID`);

--
-- Constraints for table `shop`
--
ALTER TABLE `shop`
  ADD CONSTRAINT `city_fk` FOREIGN KEY (`City`) REFERENCES `shop_city` (`ID`);

--
-- Constraints for table `shop_city`
--
ALTER TABLE `shop_city`
  ADD CONSTRAINT `FK_shop_city_country_region` FOREIGN KEY (`CountryRegionID`) REFERENCES `country_region` (`ID`);

--
-- Constraints for table `shop_fruit_order`
--
ALTER TABLE `shop_fruit_order`
  ADD CONSTRAINT `ShopID_fk2` FOREIGN KEY (`ShopID`) REFERENCES `shop` (`ID`);

--
-- Constraints for table `shop_fruit_order_item`
--
ALTER TABLE `shop_fruit_order_item`
  ADD CONSTRAINT `FruitID_fk2` FOREIGN KEY (`FruitID`) REFERENCES `fruit` (`ID`),
  ADD CONSTRAINT `OrderID_fk2` FOREIGN KEY (`OrderID`) REFERENCES `shop_fruit_order` (`ID`);

--
-- Constraints for table `shop_fruit_stock`
--
ALTER TABLE `shop_fruit_stock`
  ADD CONSTRAINT `FruitID_fk` FOREIGN KEY (`FruitID`) REFERENCES `fruit` (`ID`),
  ADD CONSTRAINT `ShopID_fk` FOREIGN KEY (`ShopID`) REFERENCES `shop` (`ID`);

--
-- Constraints for table `shop_staff`
--
ALTER TABLE `shop_staff`
  ADD CONSTRAINT `shop_staff_ibfk_1` FOREIGN KEY (`ShopID`) REFERENCES `shop` (`ID`),
  ADD CONSTRAINT `shop_staff_ibfk_2` FOREIGN KEY (`UserID`) REFERENCES `user` (`UserID`);

--
-- Constraints for table `warehouse`
--
ALTER TABLE `warehouse`
  ADD CONSTRAINT `c_fk` FOREIGN KEY (`CountryRegionID`) REFERENCES `country_region` (`ID`);

--
-- Constraints for table `warehouse_fruit_stock`
--
ALTER TABLE `warehouse_fruit_stock`
  ADD CONSTRAINT `warehouse_fruit_stock_ibfk_1` FOREIGN KEY (`WarehouseID`) REFERENCES `warehouse` (`ID`),
  ADD CONSTRAINT `warehouse_fruit_stock_ibfk_2` FOREIGN KEY (`FruitID`) REFERENCES `fruit` (`ID`);

--
-- Constraints for table `warehouse_staff`
--
ALTER TABLE `warehouse_staff`
  ADD CONSTRAINT `warehouse_staff_ibfk_1` FOREIGN KEY (`WarehouseID`) REFERENCES `warehouse` (`ID`),
  ADD CONSTRAINT `warehouse_staff_ibfk_2` FOREIGN KEY (`UserID`) REFERENCES `user` (`UserID`);
COMMIT;

/*!40101 SET CHARACTER_SET_CLIENT=@OLD_CHARACTER_SET_CLIENT */;
/*!40101 SET CHARACTER_SET_RESULTS=@OLD_CHARACTER_SET_RESULTS */;
/*!40101 SET COLLATION_CONNECTION=@OLD_COLLATION_CONNECTION */;
